year,region,population,life_expectancy,child_mortality,babies_per_woman,income_per_person
1800,africa,81209567,30.09157507,443.51,6.58,437.6992975
1801,africa,81313551,30.01647876,443.47,6.58,437.322912
1802,africa,81418900,30.01911666,443.44,6.58,436.9499991
1803,africa,81525621,30.09918755,443.41,6.58,436.5014596
1804,africa,81633731,30.10171999,443.37,6.58,436.0338495
1805,africa,81743247,30.10424997,443.32,6.58,434.7656264
1806,africa,81854174,30.10677768,443.29,6.58,434.5010158
1807,africa,81966528,30.10930315,443.26,6.58,435.6780098
1808,africa,82080332,30.11182667,443.22,6.58,432.9287447
1809,africa,82195596,30.11434824,443.19,6.58,432.1910665
1810,africa,82313562,30.11690153,443.16,6.58,433.4952389
1811,africa,82440934,30.11941531,443.12,6.58,429.3123784
1812,africa,82579573,30.12191294,443.09,6.58,429.1137136
1813,africa,82729616,30.12439384,443.06,6.58,432.4152677
1814,africa,82891459,30.12685283,443.03,6.58,432.0826921
1815,africa,83065241,30.12940717,442.98,6.58,428.4091067
1816,africa,83251124,30.13181891,442.95,6.58,428.4890446
1817,africa,83449261,30.13420584,442.92,6.58,428.5579504
1818,africa,83659804,29.89504081,442.89,6.58,429.1026896
1819,africa,83954434,29.85509506,442.86,6.58,426.1136195
1820,africa,84334648,29.90832299,442.84,6.58,425.5469688
1821,africa,84811641,30.1417081,442.82,6.58,428.6889267
1822,africa,85376766,30.14286949,442.81,6.58,427.9300763
1823,africa,86056105,30.14432772,442.79,6.58,428.8676842
1824,africa,86755919,30.14580107,442.77,6.58,429.8439028
1825,africa,87476538,30.14728908,442.74,6.58,430.9803454
1826,africa,88218276,30.14879104,442.72,6.58,431.9965341
1827,africa,88981474,30.15030589,442.7,6.58,433.051735
1828,africa,89766472,29.89536991,442.68,6.58,434.1677371
1829,africa,90573904,29.74683529,442.66,6.58,435.3127454
1830,africa,91404143,29.59688319,442.64,6.58,435.4886116
1831,africa,92257560,29.75103229,442.62,6.58,435.8954791
1832,africa,93125349,30.16071776,442.6,6.58,437.0770113
1833,africa,94007792,30.16654026,442.57,6.59,438.3366683
1834,africa,94904834,30.16556688,442.54,6.59,439.8072262
1835,africa,95816766,29.89669874,442.52,6.59,441.2210792
1836,africa,96743850,29.74563611,442.49,6.59,442.5668767
1837,africa,97686357,29.58257213,442.47,6.59,443.9195273
1838,africa,98644581,29.74590563,442.44,6.59,445.3812008
1839,africa,99638115,30.16642175,442.41,6.59,447.1041308
1840,africa,100667803,30.1782055,442.37,6.59,448.9299424
1841,africa,101734515,30.17049526,442.33,6.59,450.6335292
1842,africa,102839146,30.17360892,442.28,6.59,452.520803
1843,africa,103982621,30.18541855,442.22,6.59,454.7781505
1844,africa,105146559,30.17266554,442.14,6.59,456.7489264
1845,africa,106331394,30.18960117,442.08,6.59,458.7708309
1846,africa,107537534,30.20189411,442.02,6.59,460.7114608
1847,africa,108765412,30.21141073,441.96,6.59,462.8399151
1848,africa,110015469,30.22093087,441.9,6.59,466.2579102
1849,africa,111156406,29.8557793,441.85,6.59,469.49816
1850,africa,112185299,29.72151093,441.81,6.59,472.6696308
1851,africa,112844408,30.11052383,441.79,6.59,477.5997753
1852,africa,113381827,30.33721226,441.78,6.59,479.6536904
1853,africa,113796891,30.3886631,441.78,6.59,482.255113
1854,africa,114215703,30.3919688,441.77,6.59,482.2001444
1855,africa,114638336,30.49084705,441.77,6.59,484.9156102
1856,africa,115064861,30.51760221,441.77,6.59,479.8931714
1857,africa,115495350,30.61552982,441.77,6.59,484.9865526
1858,africa,115929881,30.66532404,441.77,6.59,482.1585243
1859,africa,116377176,30.71300936,441.77,6.59,483.6427821
1860,africa,116837215,30.76579553,441.77,6.59,485.4009187
1861,africa,117309942,30.82137926,441.76,6.59,484.7064514
1862,africa,117795314,30.85223261,441.69,6.58,478.9102191
1863,africa,118293268,30.92095302,441.62,6.58,481.0435265
1864,africa,118795080,30.39467533,441.56,6.58,489.8501694
1865,africa,119300776,30.29601179,441.5,6.58,483.3114929
1866,africa,119810390,30.20003012,441.45,6.58,485.135436
1867,africa,120323949,30.84509067,441.4,6.58,490.039202
1868,africa,120841486,30.41262767,441.35,6.58,491.1229311
1869,africa,121375304,30.83538473,441.31,6.58,491.7629589
1870,africa,121925601,31.1348866,441.26,6.58,494.3693667
1871,africa,122490915,31.3892905,441.23,6.58,495.7252406
1872,africa,123074784,31.44059152,441.27,6.58,510.3404975
1873,africa,123675762,31.47663933,441.51,6.58,505.8012867
1874,africa,124281732,31.54280964,441.35,6.57,505.3270334
1875,africa,124892750,31.61282699,441.33,6.57,510.4336523
1876,africa,125508840,31.66034536,441.29,6.57,516.1725135
1877,africa,126130056,31.70922746,441.26,6.57,515.0169841
1878,africa,126756437,31.77193837,441.27,6.57,515.3581574
1879,africa,127398196,31.81326263,441.21,6.57,520.8775497
1880,africa,128055453,31.47988327,441.18,6.57,528.8976793
1881,africa,128728318,31.38518327,441.29,6.57,527.1527652
1882,africa,129416926,31.97379442,441.31,6.57,525.5788666
1883,africa,130121386,32.0280223,441.39,6.57,515.7896738
1884,africa,130831669,32.09650364,441.24,6.56,513.2498638
1885,africa,131547826,32.1451949,441.25,6.56,509.0114857
1886,africa,132269923,32.21389292,441.18,6.56,514.8132755
1887,africa,132998010,32.25426243,441.26,6.56,520.1798699
1888,africa,133732140,30.50360061,441.19,6.56,525.7993657
1889,africa,134383367,28.84654949,441.06,6.56,525.8981871
1890,africa,134951857,28.77244051,441.18,6.56,526.7197228
1891,africa,135437756,29.42841908,441.13,6.56,528.8313419
1892,africa,135841234,30.31947134,441.21,6.56,528.086795
1893,africa,136162436,32.5842402,441.2,6.56,528.0247536
1894,africa,136490489,32.67355136,441.07,6.56,526.8991533
1895,africa,136825445,32.68239449,441.06,6.56,533.4611772
1896,africa,137167343,32.61764468,441.25,6.56,535.4400792
1897,africa,137516247,32.80732956,440.89,6.56,532.5172208
1898,africa,137872191,32.85002626,440.52,6.55,542.2008085
1899,africa,138255274,32.89019227,440.18,6.55,535.696328
1900,africa,138666883,32.9394442,439.91,6.55,520.9721173
1901,africa,139108428,32.98526593,439.51,6.55,523.9343608
1902,africa,139581337,33.05381719,438.87,6.55,532.6270702
1903,africa,140087052,33.1237586,438.12,6.55,549.6095591
1904,africa,140606811,33.02369083,437.39,6.55,551.2855958
1905,africa,141140754,33.17878895,436.82,6.55,556.7188025
1906,africa,141689013,33.25938138,435.95,6.55,563.9955975
1907,africa,142251723,33.33379562,435.03,6.55,563.2839032
1908,africa,142829038,33.3806002,434.17,6.55,548.2450007
1909,africa,143411841,33.58678233,433.1,6.55,553.5055914
1910,africa,143998929,33.72592461,432.03,6.55,542.7076835
1911,africa,144588414,33.77836859,430.89,6.55,546.5846026
1912,africa,145180397,33.88551566,429.89,6.55,549.5691047
1913,africa,145772966,33.8586498,428.7,6.54,554.4159374
1914,africa,146374165,33.90584559,427.64,6.54,559.7622982
1915,africa,146984084,33.93914036,426.63,6.54,567.5718829
1916,africa,147602816,33.94565707,425.43,6.54,571.6463598
1917,africa,148230439,33.98557619,424.46,6.54,578.5682487
1918,africa,148839564,15.75176594,423.4,6.54,579.8183208
1919,africa,149699747,34.12130329,422.33,6.54,596.9187312
1920,africa,150814861,34.20053312,421.18,6.55,597.39457
1921,africa,152188837,34.20456023,419.96,6.55,603.6108053
1922,africa,153825698,34.22895977,418.77,6.54,614.4608535
1923,africa,155729537,34.4652476,417.86,6.54,623.4240289
1924,africa,157661661,34.52471687,416.73,6.54,632.5027994
1925,africa,159622530,34.56654646,415.61,6.54,642.3347062
1926,africa,161612582,34.55770897,414.5,6.55,651.1940542
1927,africa,163632275,34.45244133,413.38,6.56,658.0302214
1928,africa,165682063,34.45027232,413.87,6.56,668.5752324
1929,africa,167764385,34.51608373,412.4,6.57,670.5477693
1930,africa,169879710,35.19909967,406.39,6.58,670.5279192
1931,africa,172028509,34.96410295,406.46,6.57,674.4833382
1932,africa,174211299,35.03158779,405,6.55,678.895488
1933,africa,176428551,35.34551153,401.06,6.54,697.0930181
1934,africa,178678807,35.38422111,399.06,6.53,710.236555
1935,africa,180962588,35.50307387,394.88,6.52,731.0144246
1936,africa,183280407,35.0307994,393.79,6.52,753.7307191
1937,africa,185632774,36.0245974,388.37,6.51,768.0443618
1938,africa,188020246,36.16108442,385.45,6.51,771.4509875
1939,africa,190562682,36.52160127,381.79,6.51,786.2011139
1940,africa,193264781,36.44026014,380.41,6.5,801.0743971
1941,africa,196131348,36.82638621,374.32,6.5,809.2382703
1942,africa,199167330,36.74940786,373.87,6.5,824.2429029
1943,africa,202377776,36.77305244,369.56,6.5,836.2001575
1944,africa,205648556,37.48957616,361.19,6.51,856.038945
1945,africa,208980837,37.97575447,356.65,6.51,872.2259051
1946,africa,212375815,39.38364176,348.33,6.51,889.3426515
1947,africa,215834721,40.7108477,340.21,6.52,903.8764979
1948,africa,219358802,41.84245444,332.61,6.51,932.6066729
1949,africa,223223719,42.98182412,325.03,6.54,954.1967445
1950,africa,227488491,44.25333219,317.78,6.56,988.4367262
1951,africa,232258049,44.50038297,315.65,6.57,1028.966155
1952,africa,237229170,44.89319407,312.02,6.57,1062.975118
1953,africa,242362696,45.15246067,308.01,6.59,1091.496987
1954,africa,247670544,45.25073514,305,6.6,1133.355734
1955,africa,253189089,45.46212238,300.75,6.61,1156.792282
1956,africa,258909169,45.78029301,296,6.62,1190.463758
1957,africa,264752252,46.00154188,291.1,6.63,1221.404006
1958,africa,270650816,46.24858539,286.26,6.65,1240.534445
1959,africa,276865865,46.65603621,281.44,6.66,1294.015421
1960,africa,283500719,46.54353815,276.75,6.67,1351.417386
1961,africa,290376821,46.85053818,272.12,6.69,1364.413845
1962,africa,297507616,47.50194163,267.63,6.7,1394.323467
1963,africa,304904049,48.03737277,263.28,6.71,1484.53896
1964,africa,312577887,48.37253262,259.02,6.71,1560.570149
1965,africa,320515347,48.75505205,254.57,6.7,1621.003387
1966,africa,328739044,48.98229383,250.39,6.71,1644.204323
1967,africa,337321967,49.1619759,246.58,6.72,1655.896551
1968,africa,346255412,49.35327296,242.88,6.72,1723.634255
1969,africa,355470716,49.65263603,239.13,6.72,1840.481866
1970,africa,364970187,50.17096014,235.36,6.72,1986.070883
1971,africa,374727811,50.62485258,231.46,6.72,2063.558939
1972,africa,384704457,50.75113992,227.37,6.72,2147.842911
1973,africa,395205153,51.42210885,223.13,6.72,2216.536943
1974,africa,406244955,51.88079553,218.59,6.72,2342.520124
1975,africa,417807875,52.26481923,213.84,6.72,2375.823041
1976,africa,429863709,52.63643156,209.11,6.71,2530.746733
1977,africa,442004201,53.0957341,204.43,6.69,2636.418914
1978,africa,454859254,53.49323996,199.82,6.67,2697.421879
1979,africa,468493899,54.00717574,195.34,6.65,2797.46827
1980,africa,482324341,54.36119853,191.08,6.62,2897.859445
1981,africa,496873389,54.61777546,186.99,6.58,2914.27348
1982,africa,512192018,54.97923615,183.14,6.54,2963.624115
1983,africa,527447027,54.97940051,179.62,6.49,2955.163001
1984,africa,542833142,55.14598055,176.5,6.42,3020.358074
1985,africa,558839359,55.73562417,173.78,6.35,3112.944524
1986,africa,575122450,56.12781051,171.49,6.27,3162.506477
1987,africa,591736137,56.35553085,169.6,6.2,3202.897996
1988,africa,608501920,56.69364687,167.99,6.13,3315.172488
1989,africa,625452544,56.78538266,166.63,6.04,3398.246838
1990,africa,642846702,56.83492591,165.43,5.95,3471.719977
1991,africa,660152081,56.93425885,164.31,5.88,3519.79486
1992,africa,677582735,56.93827918,163.15,5.8,3546.522445
1993,africa,695622470,56.87890805,162.01,5.72,3552.962943
1994,africa,713479556,56.39960591,161.38,5.65,3617.604054
1995,africa,731645853,56.72411881,159.08,5.58,3724.965304
1996,africa,750394194,56.55756566,156.36,5.51,3920.252913
1997,africa,769274269,56.48212501,153.93,5.45,4068.802242
1998,africa,788840949,56.47833902,151.03,5.4,4209.141927
1999,africa,808910172,56.54444305,147.1,5.36,4337.524301
2000,africa,829384936,56.70873636,142.96,5.32,4500.120152
2001,africa,850464025,57.03499284,138.3,5.28,4663.628335
2002,africa,872157364,57.26463173,133.33,5.24,4864.352551
2003,africa,894454443,57.54254986,128.21,5.21,5057.175765
2004,africa,917475349,57.98669497,123.05,5.19,5319.634094
2005,africa,941222316,58.57901323,118,5.17,5589.237601
2006,africa,965582398,59.18555649,113.11,5.14,5885.157423
2007,africa,990673925,59.87347778,108.32,5.11,6189.734238
2008,africa,1016652293,60.53329689,103.67,5.09,6457.401683
2009,africa,1043336918,61.12401379,99.26,5.04,6594.222124
2010,africa,1070749561,61.7429081,95.19,5,6883.435242
2011,africa,1098658391,62.30699894,91.42,4.94,6980.660042
2012,africa,1127332968,62.91429685,87.99,4.89,7232.904634
2013,africa,1157243215,63.45526067,84.89,4.83,7392.470678
2014,africa,1187647851,63.89441662,82.11,4.77,7568.227858
2015,africa,1218473176,64.35407398,79.59,4.71,7706.703633
2016,africa,1249584564,64.84121251,77.2,4.62,7769.992196
2017,africa,1281259856,65.33085397,74.99,4.55,7929.297273
2018,africa,1313751874,65.84448961,72.84,4.45,8097.059548
2019,africa,1346329353,66.29697863,70.78,4.37,8239.872566
2020,africa,1379120556,65.8292984,68.88,4.3,8009.767936
2021,africa,1412026537,65.27594447,67.11,4.23,8277.533091
2022,africa,1445132762,65.80366047,65.45,4.17,8518.478452
2023,africa,1478994608,66.635186,63.87,4.12,8673.803782
2024,africa,1513340011,67.37394525,62.36,4.06,8846.202763
2025,africa,1548042068,67.59073734,60.89,3.99,9085.498005
2026,africa,1583135464,67.79281195,59.45,3.93,9328.62777
2027,africa,1618388296,67.99079364,58.07,3.86,9626.449018
2028,africa,1653780072,68.18684359,56.73,3.8,9969.741307
2029,africa,1689406325,68.38271105,55.43,3.74,10369.42091
2030,africa,1725269651,68.57519868,54.17,3.68,10376.99346
2031,africa,1761374465,68.76278341,52.94,3.62,10679.6161
2032,africa,1797688032,68.94898958,51.75,3.56,10989.88661
2033,africa,1834152681,69.13458797,50.6,3.5,11307.64053
2034,africa,1870813945,69.31713474,49.48,3.45,11633.03332
2035,africa,1907688625,69.49802701,48.4,3.4,11966.10818
2036,africa,1944700962,69.67690482,47.35,3.34,12307.00307
2037,africa,1981788452,69.85228126,46.32,3.29,12655.97441
2038,africa,2018946943,70.02756125,45.33,3.24,13013.10926
2039,africa,2056182572,70.20132153,44.37,3.2,13378.42557
2040,africa,2093488564,70.37246977,43.44,3.15,13751.56411
2041,africa,2130824868,70.5448529,42.54,3.11,14132.17114
2042,africa,2168154407,70.71357061,41.66,3.07,14520.43332
2043,africa,2205483904,70.88132186,40.81,3.03,14916.78245
2044,africa,2242782749,71.04571844,39.99,2.99,15320.82686
2045,africa,2279970377,71.20990104,39.18,2.95,15731.92852
2046,africa,2317044619,71.37385488,38.41,2.92,16150.49383
2047,africa,2354056366,71.5376161,37.66,2.88,16577.23337
2048,africa,2390970487,71.6989148,36.94,2.85,17012.56063
2049,africa,2427714595,71.85699174,36.24,2.82,17456.60609
2050,africa,2464279500,72.01664654,35.56,2.79,17909.17115
2051,africa,2500736631,72.17067703,34.91,2.76,18370.38628
2052,africa,2537047896,72.32759669,34.27,2.73,18840.27315
2053,africa,2573101962,72.48342246,33.66,2.7,19318.98049
2054,africa,2608942720,72.6365127,33.06,2.67,19807.19664
2055,africa,2644597620,72.7898475,32.48,2.65,20304.7002
2056,africa,2680011833,72.94189889,31.92,2.62,20811.29613
2057,africa,2715120915,73.09428116,31.37,2.6,21327.25708
2058,africa,2749938676,73.24704134,30.84,2.58,21853.11165
2059,africa,2784579616,73.39432149,30.33,2.55,22387.95705
2060,africa,2818966159,73.54546702,29.83,2.53,22931.31737
2061,africa,2853038152,73.69431896,29.34,2.51,23485.0625
2062,africa,2886754629,73.84274345,28.87,2.49,24049.29136
2063,africa,2920046715,73.98961109,28.41,2.47,24623.17843
2064,africa,2953002185,74.13471603,27.96,2.45,25207.37353
2065,africa,2985607972,74.28258201,27.53,2.43,25801.48275
2066,africa,3017814137,74.42845419,27.1,2.41,26405.40116
2067,africa,3049644062,74.57215769,26.69,2.39,27019.47883
2068,africa,3081044552,74.71506623,26.3,2.38,27643.7905
2069,africa,3111998508,74.85756181,25.91,2.36,28278.29334
2070,africa,3142539432,74.99861748,25.54,2.34,28922.73462
2071,africa,3172662786,75.14250389,25.18,2.33,29578.11425
2072,africa,3202363699,75.28136189,24.82,2.31,30244.32614
2073,africa,3231568870,75.42488105,24.48,2.3,30920.43826
2074,africa,3260299686,75.56643403,24.14,2.28,31606.76521
2075,africa,3288562803,75.70581062,23.81,2.27,32304.2848
2076,africa,3316267815,75.84548523,23.49,2.26,33011.98149
2077,africa,3343482880,75.98344084,23.18,2.24,33729.64694
2078,africa,3370225568,76.12428273,22.87,2.23,34458.21864
2079,africa,3396356789,76.26307452,22.57,2.22,35196.83655
2080,africa,3421877677,76.40182391,22.28,2.2,35945.67144
2081,africa,3446817709,76.54243262,21.99,2.19,36705.16848
2082,africa,3471216408,76.6786235,21.71,2.18,37474.76062
2083,africa,3495108522,76.81977588,21.44,2.17,38253.65823
2084,africa,3518409097,76.95938151,21.17,2.16,39042.04287
2085,africa,3541155413,77.09889718,20.9,2.14,39840.84538
2086,africa,3563416836,77.23659483,20.65,2.14,40651.1041
2087,africa,3585043875,77.37239266,20.4,2.12,41472.92493
2088,africa,3605947918,77.50853076,20.16,2.12,42304.50658
2089,africa,3626282972,77.64659695,19.92,2.1,43146.42629
2090,africa,3646089071,77.78433239,19.69,2.09,43999.21883
2091,africa,3665235381,77.9215331,19.46,2.09,44861.6776
2092,africa,3683722058,78.0566497,19.24,2.08,45734.17181
2093,africa,3701616756,78.1942943,19.02,2.07,46616.60324
2094,africa,3718929692,78.33250926,18.8,2.06,47508.73399
2095,africa,3735648898,78.46969734,18.59,2.05,48411.22622
2096,africa,3751829414,78.60506512,18.38,2.04,49324.6467
2097,africa,3767448939,78.73951358,18.17,2.04,50248.55396
2098,africa,3782475092,78.87822601,17.97,2.03,51182.57527
2099,africa,3796918938,79.01552558,17.77,2.02,52126.49452
2100,africa,3810821906,79.15139955,17.78,2.01,53081.42662
1800,asia,672521875,29.56399625,454.23,5.72,1963.82301
1801,asia,674654640,29.56793108,454.16,5.72,1960.776316
1802,asia,676807276,29.44048883,454.09,5.72,1955.32311
1803,asia,678979750,29.1463657,454.02,5.72,1949.866551
1804,asia,681172043,29.00197707,453.95,5.72,1944.432504
1805,asia,683384131,29.58395525,453.88,5.72,1938.997795
1806,asia,685616004,29.58802978,453.81,5.72,1933.542795
1807,asia,687867662,29.59213066,453.74,5.72,1928.128151
1808,asia,690139105,29.59625741,453.66,5.72,1922.731445
1809,asia,692430338,29.60040961,453.59,5.72,1917.289163
1810,asia,695885565,29.60829639,453.46,5.72,1914.696114
1811,asia,699359091,29.61610835,453.33,5.72,1912.579971
1812,asia,703261039,28.86172546,453.19,5.72,1911.447896
1813,asia,707596715,29.63550332,453.04,5.72,1911.176162
1814,asia,712004322,29.64542717,452.9,5.72,1910.769644
1815,asia,716484424,29.65523768,452.75,5.72,1907.833473
1816,asia,721037578,29.66493455,452.62,5.72,1910.777746
1817,asia,725664364,29.67451755,452.48,5.72,1909.802035
1818,asia,730365363,29.68398655,452.34,5.72,1908.402414
1819,asia,734915860,29.6923647,452.22,5.72,1907.393965
1820,asia,739311353,29.69970179,452.11,5.72,1905.389563
1821,asia,743315487,29.70729139,451.99,5.72,1902.780864
1822,asia,747133043,29.71393279,451.89,5.72,1902.211602
1823,asia,751247920,29.71685332,451.83,5.72,1900.345163
1824,asia,755394564,29.71978338,451.78,5.72,1896.25146
1825,asia,759573214,29.72263549,451.72,5.72,1895.304287
1826,asia,763784128,29.72553999,451.68,5.72,1895.534358
1827,asia,768027555,29.72845235,451.62,5.72,1893.636212
1828,asia,772303742,29.73137259,451.57,5.72,1890.49654
1829,asia,776091585,29.73277697,451.54,5.72,1885.660421
1830,asia,779387312,29.73267912,451.53,5.72,1880.180218
1831,asia,782187118,29.73108657,451.54,5.72,1877.44311
1832,asia,784482248,29.04395432,451.58,5.72,1873.413128
1833,asia,786268780,28.75733298,451.63,5.72,1869.540451
1834,asia,788064147,29.71882961,451.69,5.72,1865.615769
1835,asia,789868419,29.71424858,451.74,5.72,1859.061708
1836,asia,791681656,29.70967021,451.81,5.72,1852.76251
1837,asia,793503933,29.38271114,451.86,5.72,1849.569775
1838,asia,795335325,29.26467046,451.92,5.72,1843.949506
1839,asia,797116077,29.69618446,451.97,5.72,1837.642562
1840,asia,798846226,29.69128624,452.03,5.72,1834.890916
1841,asia,800529347,29.6862274,452.08,5.72,1829.620905
1842,asia,802165566,29.68100828,452.14,5.72,1825.159957
1843,asia,803755009,29.67562907,452.2,5.72,1820.314234
1844,asia,805357640,29.67025594,452.26,5.73,1814.805128
1845,asia,806973629,29.66488932,452.33,5.73,1807.983982
1846,asia,808603161,29.65952945,452.39,5.73,1802.614721
1847,asia,810246405,29.65417678,452.45,5.73,1797.707643
1848,asia,811903556,29.64883168,452.51,5.73,1794.838264
1849,asia,812872119,29.64170654,452.59,5.73,1787.212678
1850,asia,813160244,29.63281615,452.71,5.73,1778.583489
1851,asia,812412640,29.17998845,459.11,5.74,1777.04371
1852,asia,810999539,28.72847032,465.61,5.74,1769.094015
1853,asia,808929638,28.27966764,472.17,5.74,1762.739959
1854,asia,806913691,27.83503979,478.8,5.74,1751.381759
1855,asia,804952061,27.39466285,485.5,5.74,1744.39837
1856,asia,803045135,26.9586133,492.27,5.75,1740.872517
1857,asia,801193348,27.36779623,488.11,5.75,1729.499391
1858,asia,799397177,27.77866176,483.39,5.75,1722.540867
1859,asia,797947449,28.18160533,479.45,5.75,1718.035752
1860,asia,796839969,27.81660089,475.63,5.75,1711.047731
1861,asia,796079522,27.89395344,471.84,5.75,1704.77838
1862,asia,795660708,29.38069728,467.55,5.76,1695.1661
1863,asia,795574530,29.77550409,463.98,5.76,1689.86368
1864,asia,795522510,30.08661509,460.6,5.75,1684.888011
1865,asia,795497321,30.12137333,460.2,5.75,1680.045717
1866,asia,795497591,28.85937567,459.22,5.74,1676.277726
1867,asia,795530256,30.29970947,458.83,5.73,1674.338755
1868,asia,795593421,30.36451999,457.89,5.73,1668.151981
1869,asia,796105516,29.13500126,457.45,5.72,1663.310329
1870,asia,797076951,30.57959772,456.43,5.72,1663.329492
1871,asia,798487108,30.65890795,455.96,5.71,1661.360128
1872,asia,800360609,30.72230533,456.08,5.7,1663.305211
1873,asia,802666579,30.78776988,456.13,5.7,1664.856337
1874,asia,804978165,30.85493411,456.01,5.7,1664.664089
1875,asia,807322347,30.80808232,455.88,5.71,1669.203496
1876,asia,809678372,27.99079495,455.7,5.71,1668.823165
1877,asia,812016303,26.76587308,455.81,5.7,1671.181255
1878,asia,814351861,26.06148386,455.97,5.7,1675.240864
1879,asia,817128414,29.50891522,455.99,5.7,1674.625314
1880,asia,820383157,31.2409632,456.03,5.7,1688.400805
1881,asia,824135661,31.30099767,455.86,5.7,1694.304522
1882,asia,828386373,31.31979787,456.57,5.69,1689.010245
1883,asia,833126123,31.34036867,456.79,5.69,1690.616564
1884,asia,837916664,31.35732285,457.38,5.67,1694.530546
1885,asia,842812304,31.37405393,457.87,5.67,1709.745443
1886,asia,847732485,31.39098579,458.33,5.67,1694.380299
1887,asia,852722894,31.40283061,459.27,5.67,1724.979327
1888,asia,857755656,31.34176708,459.51,5.68,1728.339393
1889,asia,862611748,31.35182139,460.14,5.68,1727.704432
1890,asia,867307033,31.43319974,460.77,5.66,1770.653137
1891,asia,871794181,30.99213353,461.44,5.66,1711.335129
1892,asia,876087539,30.87897217,461.48,5.67,1759.976821
1893,asia,880191840,31.51860552,462.07,5.66,1776.199524
1894,asia,884350538,31.55180869,462.37,5.67,1805.670866
1895,asia,888575675,31.58513347,462.2,5.66,1789.434425
1896,asia,892803245,31.17892304,462.47,5.67,1745.241387
1897,asia,897089074,30.21858404,462.45,5.68,1838.13693
1898,asia,901411242,32.40777711,462.75,5.68,1874.498096
1899,asia,906214088,31.64325375,462.84,5.68,1823.830462
1900,asia,911463914,29.95093719,462.33,5.68,1849.88611
1901,asia,917152479,31.67192717,461.93,5.69,1853.94621
1902,asia,923305737,31.79554735,456.41,5.68,1881.134676
1903,asia,929914840,31.85943781,445.91,5.68,1905.64205
1904,asia,936589006,31.48415631,438.49,5.65,1899.327786
1905,asia,943331107,31.4979685,431.28,5.64,1869.576002
1906,asia,950145142,31.52843314,424.48,5.64,1900.500007
1907,asia,957050096,30.649874,417.12,5.68,1863.252527
1908,asia,964047772,32.20392584,410.44,5.69,1866.484466
1909,asia,971113125,32.27993339,403.87,5.68,1944.290569
1910,asia,978249203,32.38184842,397.71,5.67,1954.149657
1911,asia,985418990,32.47910226,391.45,5.68,1956.938232
1912,asia,992737869,32.66238766,392.03,5.67,1995.575986
1913,asia,1000147014,32.82472458,384.65,5.67,2034.260614
1914,asia,1007666509,32.98085446,391.99,5.66,2067.710299
1915,asia,1015299081,33.18312472,386.41,5.65,2074.931411
1916,asia,1022990263,33.35220832,385.36,5.64,2134.778313
1917,asia,1030716511,33.50171111,386.12,5.65,2143.826196
1918,asia,1039125334,19.99104382,416.41,5.63,2069.413532
1919,asia,1047449325,33.70424404,394.21,5.61,2178.453201
1920,asia,1055695603,33.8258969,379.2,5.66,2112.456763
1921,asia,1063746264,34.00676882,380.96,5.67,2178.588794
1922,asia,1071599804,34.28740597,367.57,5.67,2210.002662
1923,asia,1079277163,34.6376192,366.4,5.68,2182.865394
1924,asia,1087092890,34.95806917,370.92,5.67,2224.431066
1925,asia,1095030800,35.2186331,360.88,5.68,2241.578018
1926,asia,1103101021,35.70400381,366.33,5.68,2260.679233
1927,asia,1111303332,32.59376003,354.54,5.67,2259.142245
1928,asia,1119652506,36.66037479,354.95,5.68,2283.855777
1929,asia,1128793647,35.30895482,356.28,5.67,2319.064116
1930,asia,1138768328,37.61038539,354.47,5.67,2283.013795
1931,asia,1149591327,38.01379909,349.51,5.66,2248.641907
1932,asia,1161253722,38.40972017,338.57,5.66,2274.154772
1933,asia,1173723475,38.8383035,335.71,5.64,2212.987849
1934,asia,1186351045,39.6358508,340.26,5.63,2221.953049
1935,asia,1199142868,40.07507417,322.25,5.64,2270.43417
1936,asia,1212194695,40.67567137,318.12,5.62,2356.532987
1937,asia,1225473319,39.90167314,313.53,5.63,2356.113423
1938,asia,1239017606,40.14100794,315.03,5.58,2336.612016
1939,asia,1251228352,40.57502602,306.42,5.57,2374.786833
1940,asia,1262108169,40.91200566,305.21,5.58,2396.155256
1941,asia,1271670939,40.773998,302.29,5.56,2398.85292
1942,asia,1279895616,39.25305852,304.04,5.51,2329.165586
1943,asia,1286590883,37.04838305,303.36,5.47,2305.990713
1944,asia,1293001071,39.83046577,304.37,5.41,2227.25128
1945,asia,1299524196,40.80838519,294.04,5.31,1888.743379
1946,asia,1306445737,43.85454697,293.72,5.42,1841.882087
1947,asia,1314074161,43.55965461,292.1,5.58,1868.628915
1948,asia,1322254493,45.97420566,288.93,5.45,1929.413625
1949,asia,1334564649,46.98928769,289.62,5.7,1957.098538
1950,asia,1350689114,48.08379474,289.45,5.55,1980.709965
1951,asia,1376986700,48.79331607,283.97,5.53,2101.235231
1952,asia,1406130116,49.6814598,278.99,5.86,2204.5753
1953,asia,1437305547,50.26668609,272.24,5.71,2333.175024
1954,asia,1469543364,50.78595845,266.83,5.83,2328.328563
1955,asia,1503738985,51.37395829,261.15,5.83,2402.643523
1956,asia,1538253506,51.75532578,248.65,5.67,2500.971801
1957,asia,1573973205,52.07488828,238.27,5.92,2534.567737
1958,asia,1610455835,49.84893928,227.45,5.64,2577.239273
1959,asia,1642568421,46.95675503,235.18,5.21,2610.928142
1960,asia,1668926539,41.85824631,243.86,5.13,2690.297725
1961,asia,1694612815,47.26559106,223.84,4.89,2689.573472
1962,asia,1729038874,52.40081273,190.33,5.82,2781.9107
1963,asia,1774271357,54.17109908,177.21,6.38,2914.572741
1964,asia,1821618124,54.68167598,170.37,6.02,3117.558102
1965,asia,1867456672,54.58940135,162.22,5.99,3214.707897
1966,asia,1912885040,55.09351937,161.67,5.86,3325.966007
1967,asia,1958216782,55.47616169,165.7,5.65,3447.132714
1968,asia,2005888689,56.20701935,161.02,5.91,3610.278396
1969,asia,2055796514,56.69040786,155.14,5.75,3867.862865
1970,asia,2106660978,56.95296128,150.18,5.69,4079.119265
1971,asia,2156875894,57.35243729,146.71,5.44,4202.682795
1972,asia,2206369054,58.01583684,143.98,5.24,4324.421305
1973,asia,2256695531,58.586997,141.24,5.04,4554.007326
1974,asia,2306554001,58.92367605,138.38,4.77,4557.824895
1975,asia,2354947676,59.28535193,136.62,4.47,4625.11772
1976,asia,2402096916,59.52654202,133.73,4.3,4739.285356
1977,asia,2448964771,60.20812255,131.36,4.09,4860.014988
1978,asia,2495680174,60.68947497,127.75,4,4994.547774
1979,asia,2543773720,61.19639902,123.26,3.98,5080.966222
1980,asia,2593884524,61.61064384,121.95,3.95,5118.407349
1981,asia,2645492894,61.94579209,115.79,3.93,5184.895896
1982,asia,2699348346,62.36031658,112.74,3.96,5250.052215
1983,asia,2753777946,62.73105415,108.88,3.77,5372.0968
1984,asia,2808225737,63.08367886,105.57,3.75,5523.322677
1985,asia,2864025301,63.45537173,102.47,3.7,5653.665985
1986,asia,2921778776,63.86823298,99.67,3.69,5755.816494
1987,asia,2981662559,64.23364317,97.06,3.64,5956.909703
1988,asia,3041812697,64.50582773,94.69,3.51,6230.561567
1989,asia,3102015489,64.86118336,92.55,3.45,6395.710319
1990,asia,3162690806,65.20272415,90.62,3.4,6592.572268
1991,asia,3221184966,65.3943033,88.86,3.14,6723.754935
1992,asia,3277253654,65.74168285,87.14,3.03,6938.612165
1993,asia,3331993628,66.07699966,85.39,2.95,7129.055108
1994,asia,3385113033,66.42721033,83.55,2.88,7373.551183
1995,asia,3437757847,66.68862336,81.55,2.82,7679.982283
1996,asia,3490343434,66.99774906,79.33,2.76,8003.573255
1997,asia,3542446232,67.196937,76.94,2.71,8189.182119
1998,asia,3594038094,67.4444398,74.38,2.66,8150.584972
1999,asia,3644984130,67.73048907,71.65,2.63,8369.440573
2000,asia,3695909978,67.98033729,68.79,2.64,8700.549449
2001,asia,3746772715,68.29330267,65.85,2.58,8883.533706
2002,asia,3795910826,68.61264306,62.88,2.55,9137.812338
2003,asia,3844060183,68.98857119,59.95,2.5,9514.35366
2004,asia,3892339085,69.23095054,57.44,2.48,10025.63283
2005,asia,3940571170,69.59081992,54.22,2.44,10519.79944
2006,asia,3989233323,69.98942193,51.54,2.42,11085.41874
2007,asia,4037880008,70.34345109,48.97,2.4,11739.3075
2008,asia,4086381421,70.48375198,46.76,2.39,12089.63398
2009,asia,4135660389,70.99708159,44.11,2.37,12355.56285
2010,asia,4185223699,71.29631803,41.83,2.34,13106.27882
2011,asia,4234553641,71.59498197,39.67,2.31,13686.12001
2012,asia,4284218480,71.94661588,37.64,2.32,14219.17021
2013,asia,4332895188,72.25967114,35.72,2.26,14793.81649
2014,asia,4379807921,72.60997077,33.91,2.24,15391.11868
2015,asia,4424737655,72.90244392,32.23,2.2,16003.63453
2016,asia,4468796639,73.21766833,30.65,2.21,16686.57087
2017,asia,4512050492,73.48478867,29.17,2.18,17329.30561
2018,asia,4552490484,73.68978527,27.83,2.08,17967.24466
2019,asia,4590908585,73.91367164,26.93,2.04,18451.374
2020,asia,4626393020,73.48901561,26.08,1.93,18015.10543
2021,asia,4656427741,72.39558719,25.28,1.87,19015.86358
2022,asia,4685787807,72.95987718,24.53,1.83,19615.61542
2023,asia,4716308828,74.65887397,23.8,1.82,20282.87877
2024,asia,4745453688,74.8788946,23.11,1.81,20921.21725
2025,asia,4774129516,75.06047821,22.45,1.81,21573.48903
2026,asia,4802356535,75.23778665,21.8,1.8,22211.59184
2027,asia,4830174023,75.4144642,21.18,1.8,22918.47179
2028,asia,4857222816,75.58576642,20.59,1.79,23721.09496
2029,asia,4883471575,75.75549849,20.02,1.78,24607.96758
2030,asia,4908941442,75.92755231,19.48,1.78,24648.31192
2031,asia,4933597711,76.09534488,18.97,1.77,24935.40454
2032,asia,4957407256,76.26137845,18.48,1.77,25224.46418
2033,asia,4980374495,76.42663319,18.01,1.76,25515.64909
2034,asia,5002463256,76.58859863,17.56,1.76,25808.63252
2035,asia,5023649819,76.74848732,17.14,1.76,26103.26034
2036,asia,5043993573,76.90790614,16.73,1.75,26400.02275
2037,asia,5063477329,77.06583334,16.34,1.75,26699.50985
2038,asia,5082055081,77.22281877,15.96,1.75,27001.38755
2039,asia,5099749035,77.37669465,15.6,1.75,27305.49595
2040,asia,5116536540,77.52960901,15.25,1.74,27611.5894
2041,asia,5132342764,77.68404042,14.91,1.74,27919.51674
2042,asia,5147112902,77.83546326,14.58,1.74,28229.38162
2043,asia,5160886483,77.98429081,14.26,1.74,28541.28249
2044,asia,5173673301,78.13301659,13.95,1.74,28854.95196
2045,asia,5185410584,78.28401332,13.66,1.73,29169.57159
2046,asia,5196038088,78.43340634,13.37,1.73,29484.57895
2047,asia,5205439107,78.57401279,13.09,1.73,29799.23976
2048,asia,5213598538,78.71624867,12.83,1.73,30113.45359
2049,asia,5220581766,78.85941186,12.57,1.73,30426.77149
2050,asia,5226324663,78.99862924,12.31,1.73,30738.5254
2051,asia,5230714556,79.13737128,12.07,1.73,31048.12942
2052,asia,5233803221,79.27597697,11.83,1.72,31355.15922
2053,asia,5235759304,79.41268893,11.6,1.72,31660.40105
2054,asia,5236556418,79.54971776,11.38,1.72,31963.64441
2055,asia,5236189015,79.68397791,11.16,1.72,32264.40348
2056,asia,5234775674,79.81405844,10.95,1.72,32562.66338
2057,asia,5232360281,79.94848029,10.74,1.72,32859.30158
2058,asia,5228946427,80.0802708,10.55,1.72,33154.70456
2059,asia,5224541965,80.21093536,10.36,1.72,33448.53005
2060,asia,5219300672,80.34111808,10.17,1.72,33741.74878
2061,asia,5213279349,80.46896254,9.99,1.71,34034.97742
2062,asia,5206584189,80.5981089,9.82,1.71,34328.98598
2063,asia,5199356433,80.72832083,9.65,1.72,34624.9576
2064,asia,5191552879,80.85436364,9.48,1.72,34922.19392
2065,asia,5183197300,80.98359554,9.32,1.71,35220.40379
2066,asia,5174315435,81.11086209,9.16,1.71,35520.69363
2067,asia,5164851280,81.23784842,9.01,1.71,35822.58966
2068,asia,5154885478,81.36431977,8.86,1.71,36126.19813
2069,asia,5144440660,81.4911566,8.71,1.71,36432.09072
2070,asia,5133474308,81.6169408,8.57,1.71,36739.74362
2071,asia,5121976158,81.74656731,8.43,1.71,37048.72099
2072,asia,5109897362,81.87188591,8.29,1.71,37358.49044
2073,asia,5097306751,81.99838408,8.16,1.71,37669.03373
2074,asia,5084164382,82.12377721,8.03,1.71,37979.8959
2075,asia,5070358801,82.25101158,7.9,1.71,38289.87457
2076,asia,5055971243,82.37658813,7.78,1.71,38599.22714
2077,asia,5041030724,82.5047947,7.65,1.71,38908.04781
2078,asia,5025463957,82.62801758,7.53,1.7,39216.15794
2079,asia,5009395441,82.75150153,7.42,1.7,39523.51629
2080,asia,4992877311,82.87487232,7.31,1.71,39829.28541
2081,asia,4975816456,82.99508901,7.19,1.7,40133.47581
2082,asia,4958286734,83.119445,7.09,1.7,40436.35215
2083,asia,4940344084,83.24392035,6.98,1.7,40738.55644
2084,asia,4922056895,83.36471006,6.88,1.7,41040.40234
2085,asia,4903494531,83.48538431,6.77,1.7,41341.46938
2086,asia,4884579225,83.60816858,6.68,1.7,41641.97123
2087,asia,4865428607,83.72929948,6.57,1.7,41942.53653
2088,asia,4846152321,83.84796023,6.48,1.7,42243.52333
2089,asia,4826686306,83.96943071,6.39,1.7,42544.36085
2090,asia,4807066245,84.08919907,6.29,1.7,42845.19122
2091,asia,4787349374,84.20769536,6.2,1.7,43146.43114
2092,asia,4767520820,84.32730112,6.12,1.7,43447.62444
2093,asia,4747537072,84.44842244,6.03,1.7,43748.19182
2094,asia,4727356701,84.56835611,5.95,1.7,44047.23695
2095,asia,4707014154,84.68935266,5.86,1.7,44345.11342
2096,asia,4686523734,84.80884149,5.78,1.7,44641.66806
2097,asia,4665879849,84.92427913,5.7,1.7,44936.65984
2098,asia,4645089450,85.04332517,5.62,1.69,45230.14366
2099,asia,4624187438,85.16308017,5.55,1.7,45521.93935
2100,asia,4603160328,85.27958334,5.55,1.69,45811.50122
1800,europe,206910570,34.10830975,390.92,5.66,5473.46362
1801,europe,207842812,34.4520007,389.69,5.63,5441.194692
1802,europe,208785186,34.32253416,387.74,5.66,5473.331111
1803,europe,209737823,33.69992866,386.53,5.66,5532.092528
1804,europe,210700861,33.77569508,385.6,5.65,5688.940594
1805,europe,211674437,34.65234322,384.51,5.64,5666.925227
1806,europe,212658690,34.67544873,384.26,5.62,5675.592096
1807,europe,213653769,34.41029456,382.57,5.61,5689.74243
1808,europe,214659809,34.2439271,381.73,5.59,5747.882921
1809,europe,215676962,34.32614663,380.49,5.56,5752.103684
1810,europe,217107075,34.70308663,378.9,5.57,5778.495165
1811,europe,218568301,34.62571866,377.25,5.58,5700.261332
1812,europe,220208993,34.2044184,375.74,5.56,5608.518503
1813,europe,222039160,34.23283142,374.3,5.56,5802.38977
1814,europe,223942149,33.98669549,373.37,5.55,5953.984193
1815,europe,225921010,35.01325792,371.04,5.6,6022.854722
1816,europe,227978974,35.47141189,369.88,5.58,5884.911823
1817,europe,230119433,35.47653971,370.75,5.57,5834.144588
1818,europe,232345972,35.30774161,371.5,5.56,6039.93293
1819,europe,234528020,35.16452432,373.38,5.56,6139.233694
1820,europe,236655490,35.55706246,370.31,5.54,6379.025647
1821,europe,238709520,35.65666835,370.69,5.57,6506.893623
1822,europe,240686010,35.4832196,372.22,5.56,6503.093122
1823,europe,242588755,35.66141717,369.81,5.54,6573.986848
1824,europe,244523290,35.44542852,371.5,5.5,6717.357452
1825,europe,246493604,35.44593963,371.29,5.56,6681.489303
1826,europe,248544634,35.29892306,371.06,5.51,6675.641808
1827,europe,250629262,35.65692227,370.28,5.47,6739.350191
1828,europe,252747839,35.41558496,374.17,5.47,6724.787394
1829,europe,254854860,35.54768827,373.17,5.43,6787.398662
1830,europe,256949794,35.78148382,375.24,5.4,6807.294322
1831,europe,258991527,35.53309767,377.6,5.39,6833.702795
1832,europe,261005543,34.99523576,378.88,5.39,6960.964604
1833,europe,262991126,35.47751135,378.42,5.44,6992.123717
1834,europe,264993413,34.97564737,384.13,5.45,7049.374046
1835,europe,267012529,35.70112449,378.53,5.4,7206.376355
1836,europe,269048642,35.99621885,377.91,5.42,7233.885325
1837,europe,271101899,35.50665273,381.47,5.42,7254.38291
1838,europe,273172449,35.54660295,380.83,5.39,7333.798563
1839,europe,275155098,35.80604012,376.96,5.42,7280.712151
1840,europe,277049744,35.69221246,377.45,5.43,7440.456028
1841,europe,278860314,35.93499846,377.23,5.41,7450.78982
1842,europe,280582673,35.75826596,382.69,5.43,7356.757969
1843,europe,282216669,35.92082532,376.77,5.42,7405.402008
1844,europe,283867484,36.12701316,374.48,5.42,7567.348747
1845,europe,285535176,36.37674936,373.58,5.38,7580.62484
1846,europe,287219809,35.14896232,389.59,5.4,7510.659906
1847,europe,288921441,35.01253027,382.14,5.36,7565.701234
1848,europe,290640137,33.37501181,388.09,5.36,7584.35974
1849,europe,292388641,34.18136359,385.28,5.4,7679.995936
1850,europe,294167045,36.13994453,374.22,5.41,7702.624245
1851,europe,295952982,36.00219471,374.15,5.38,7749.511274
1852,europe,297768901,35.81245676,376.11,5.34,7931.22802
1853,europe,299614890,35.87764014,371.92,5.29,7901.44073
1854,europe,301478432,34.81164205,378.03,5.26,8048.847337
1855,europe,303359629,35.01837537,373.77,5.18,7984.30668
1856,europe,305258593,35.83821511,363.56,5.23,8167.7679
1857,europe,307175431,35.57714032,375.65,5.24,8290.093677
1858,europe,309110270,35.51171562,372.04,5.27,8308.730809
1859,europe,311099531,35.07469927,383.16,5.33,8273.674176
1860,europe,313143439,36.45686322,358.22,5.31,8451.888941
1861,europe,315236534,35.98028764,365.53,5.33,8310.469278
1862,europe,317384681,36.23372903,364.93,5.36,8385.717195
1863,europe,319588130,35.94403203,371.34,5.36,8664.637305
1864,europe,321810827,35.91213804,370.16,5.37,8717.083246
1865,europe,324052935,35.71318444,376.12,5.35,8707.024037
1866,europe,326314634,35.75427512,367.32,5.33,8722.057032
1867,europe,328596093,36.25333076,365.12,5.31,8643.770327
1868,europe,330897494,35.55274789,387.67,5.25,8875.513706
1869,europe,333263367,35.82256785,374.07,5.31,8936.269122
1870,europe,335694808,35.76555481,368.26,5.32,8970.518745
1871,europe,338141537,34.48666547,385.71,5.31,8988.10915
1872,europe,340711944,35.93283383,379.85,5.33,9184.227784
1873,europe,343351334,36.67656953,368.56,5.42,9219.406842
1874,europe,346016473,36.95561167,366.18,5.43,9475.671645
1875,europe,348707639,36.81758243,357.1,5.44,9567.194222
1876,europe,351425096,37.29878508,353.32,5.41,9430.074342
1877,europe,354169133,37.72807448,344.06,5.34,9505.84004
1878,europe,356940019,36.90829924,361.07,5.26,9532.786611
1879,europe,359726404,37.64911624,339.96,5.34,9345.547002
1880,europe,362528304,37.20695286,362.56,5.27,9598.779273
1881,europe,365343504,38.03759969,340.52,5.26,9724.177506
1882,europe,368174226,37.08674647,362.09,5.33,9897.44504
1883,europe,371020458,37.63843506,354.24,5.31,10004.38061
1884,europe,373893926,38.26416989,344.31,5.3,9983.468306
1885,europe,376794889,38.29876925,345.32,5.28,9981.954677
1886,europe,379723618,38.64063912,342.1,5.22,10004.44076
1887,europe,382680387,38.84327122,340.67,5.22,10296.8378
1888,europe,385665473,39.11134378,337.58,5.26,10426.17747
1889,europe,388697802,39.12722057,345.72,5.23,10466.54069
1890,europe,391778059,38.56966462,354.48,5.15,10511.65092
1891,europe,394915682,38.11270051,347.99,5.29,10414.655
1892,europe,398102754,37.45387671,361.3,5.1,10563.45358
1893,europe,401339981,38.66631991,340.41,5.21,10794.16012
1894,europe,404609336,39.45531159,340.84,5.2,11224.89639
1895,europe,407911159,39.12604026,349.22,5.22,11262.81957
1896,europe,411245795,40.02401403,339.62,5.22,11563.9603
1897,europe,414613596,40.76101752,335.21,5.2,11594.22334
1898,europe,418014914,40.1699111,341.2,5.11,11917.95673
1899,europe,421484017,40.73483593,326.78,5.13,12199.30713
1900,europe,425021816,40.55739096,334.64,5.1,12256.2663
1901,europe,428634696,41.02205802,330.4,5.06,12198.57552
1902,europe,432316665,41.57444526,319.49,5.06,12382.94655
1903,europe,436069667,42.23667469,320.7,4.98,12369.14791
1904,europe,439860749,42.41899002,312.54,4.96,12553.54739
1905,europe,443690337,42.46886027,324.88,4.83,12563.23622
1906,europe,447557875,43.0053223,311.74,4.86,12679.40588
1907,europe,451466786,43.69205271,297.25,4.83,12778.97742
1908,europe,455414531,43.81542438,307.36,4.85,12782.94749
1909,europe,458790875,44.10484086,302.93,4.75,12986.14158
1910,europe,461594420,44.55737405,306.91,4.69,13115.96705
1911,europe,463785198,44.59165718,306.88,4.65,13295.40558
1912,europe,465420246,46.04579789,285.79,4.58,13580.71369
1913,europe,466479677,45.66397528,285.72,4.52,13811.61866
1914,europe,467564210,43.30446836,282.92,4.43,12905.84674
1915,europe,468616840,39.96259463,276.18,3.63,12793.33732
1916,europe,469629549,40.3197084,275.89,3.8,12791.85838
1917,europe,470639337,39.83048291,277.1,3.63,12112.94125
1918,europe,471670117,31.69122284,295.88,3.68,11136.00432
1919,europe,473211067,42.05524565,267.13,3.38,10506.56928
1920,europe,475361631,42.69212201,267.59,4.2,10740.7749
1921,europe,477955285,44.75592522,254.68,3.83,10736.19874
1922,europe,481114545,45.49099484,249.62,4.01,11586.9119
1923,europe,484729946,48.49289251,245.8,4.09,11586.02666
1924,europe,488384876,49.31490928,237.99,4.06,12469.546
1925,europe,492096521,49.27497359,233.06,4.02,13253.77925
1926,europe,495834098,50.41217715,229.56,3.95,13460.73202
1927,europe,499596831,50.52643212,226.6,3.84,13967.78839
1928,europe,503404965,51.19643025,221.21,3.82,14412.70188
1929,europe,507221803,50.57124262,222.18,3.7,14721.96446
1930,europe,511050589,51.42007824,211.21,3.62,14412.35864
1931,europe,514892595,51.26318324,210.05,3.5,13711.12077
1932,europe,518736130,50.50693346,207.15,3.35,13176.61073
1933,europe,522578523,45.86646099,197.05,3.09,13441.60701
1934,europe,526452081,52.64058522,192.27,3.04,13867.62674
1935,europe,530355211,53.90355563,195.42,3.13,14386.05678
1936,europe,534289328,54.41710921,189.07,3.16,14824.99525
1937,europe,538257845,54.02183969,189.95,3.21,15546.22884
1938,europe,542237183,54.79539488,184.59,3.21,15826.43468
1939,europe,546182588,54.85081392,181.15,3.19,16340.61927
1940,europe,549678624,53.14247575,181.64,3.08,15867.97079
1941,europe,552815807,46.40235466,197.06,3.04,15805.70535
1942,europe,555635606,44.21628798,198.34,2.74,15530.74938
1943,europe,558238414,41.80025919,193.38,2.59,15248.95522
1944,europe,560975787,41.94231304,175.79,2.59,14673.49119
1945,europe,563264876,45.81174644,175.58,2.55,13354.31188
1946,europe,564841850,57.37474666,150.27,2.95,12927.93203
1947,europe,566872886,56.6251266,149.9,3,13722.72106
1948,europe,569767605,61.58345023,133.87,2.92,14873.15475
1949,europe,573199519,62.87331706,132.6,2.98,15846.94149
1950,europe,577405866,64.56273328,126.76,2.85,16733.3476
1951,europe,583118829,64.62217981,124.01,2.83,17376.36942
1952,europe,588852701,65.42203448,114.97,2.82,17814.62501
1953,europe,595017082,65.99457702,107.34,2.79,18461.59165
1954,europe,601447425,66.46696487,101.64,2.82,19109.6881
1955,europe,607985801,66.73864647,95.58,2.81,20074.72392
1956,europe,614626133,67.01678068,90.35,2.8,20791.72276
1957,europe,621677051,67.1281377,85.93,2.81,21391.3918
1958,europe,629144896,67.81445806,81.11,2.79,21837.24385
1959,europe,636392808,67.83589977,77.67,2.8,22333.49995
1960,europe,643433282,68.4552202,73.45,2.79,23429.24121
1961,europe,650514009,68.70008449,69.84,2.78,24477.8192
1962,europe,657514401,68.66535489,66.67,2.74,25366.79854
1963,europe,664353561,68.9874601,63.56,2.74,26189.33324
1964,europe,670978002,69.50997718,60.77,2.72,27294.24429
1965,europe,677271640,69.62643212,58.67,2.67,28211.07882
1966,europe,683332630,69.82583195,57.05,2.65,29194.00078
1967,europe,689119289,69.81137986,56.05,2.64,30065.70192
1968,europe,694727021,69.77569509,54.98,2.59,31340.04666
1969,europe,700344936,69.63585958,53.58,2.54,32412.44094
1970,europe,705254837,69.89561395,52.14,2.48,33645.96261
1971,europe,710261047,70.1038788,50.54,2.47,34557.00518
1972,europe,715896776,70.3143948,49.02,2.4,35579.55869
1973,europe,721230180,70.49452779,47.69,2.32,37233.58055
1974,europe,726200172,70.67548758,46.17,2.31,37952.61997
1975,europe,730729573,70.64685707,44.65,2.24,37856.85096
1976,europe,735149852,70.78861849,43.07,2.2,38902.26166
1977,europe,739708848,70.93741406,41.48,2.16,39581.78858
1978,europe,744151925,71.05781617,39.94,2.13,40248.79565
1979,europe,748503884,71.14765813,38.42,2.11,40980.76696
1980,europe,753057090,71.24564032,36.94,2.09,41307.59373
1981,europe,757415136,71.51040273,35.4,2.05,41161.99763
1982,europe,761418176,71.80255437,33.94,2.04,41189.92375
1983,europe,765526512,71.84712863,32.46,2.04,41580.57575
1984,europe,769639271,71.89616144,31.06,2.01,42001.36978
1985,europe,773725385,72.18575534,29.72,1.99,42391.66294
1986,europe,778005456,72.79336061,28.42,2,43121.28588
1987,europe,782374549,72.91869879,27.23,1.99,43706.57899
1988,europe,786788518,72.97540049,26.22,1.97,44633.67554
1989,europe,791058261,73.03637316,24.96,1.91,45354.24284
1990,europe,794915005,73.0515343,23.91,1.86,45099.55915
1991,europe,798307023,73.04949791,23.04,1.79,44290.28468
1992,europe,800361326,72.8982327,22.29,1.72,42652.56234
1993,europe,801606776,72.50563903,21.54,1.64,41260.15717
1994,europe,803389997,72.35992521,20.73,1.6,40532.25307
1995,europe,804794993,72.56604999,19.85,1.56,40789.17622
1996,europe,805665801,73.09167735,18.92,1.54,40929.24441
1997,europe,806565103,73.56297168,17.96,1.52,41683.65267
1998,europe,806951527,73.89159728,16.99,1.5,42071.977
1999,europe,807297511,73.79773527,15.99,1.48,42805.35633
2000,europe,808067066,74.0987098,15.03,1.48,44442.41697
2001,europe,808872821,74.31142575,14.11,1.47,45118.21927
2002,europe,810534413,74.41833315,13.22,1.47,45577.48105
2003,europe,812600866,74.57274837,12.37,1.49,46213.06681
2004,europe,814294174,74.95618943,11.55,1.51,47520.5312
2005,europe,815912780,75.08702438,10.78,1.51,48514.01321
2006,europe,817355915,75.6092894,10.09,1.54,50169.07705
2007,europe,819367674,75.94055295,9.52,1.58,51823.5109
2008,europe,821927784,76.15270191,8.99,1.63,52038.09589
2009,europe,824305663,76.56304043,8.55,1.64,48788.79716
2010,europe,826482485,76.82653544,8.19,1.64,49523.83351
2011,europe,828652803,77.24857246,7.88,1.62,50184.48566
2012,europe,830827002,77.48322745,7.6,1.66,49662.75298
2013,europe,833149397,77.73021585,7.33,1.64,49241.01817
2014,europe,836087585,77.88075578,7.05,1.67,49136.32088
2015,europe,839827639,78.04245338,6.77,1.66,49160.29605
2016,europe,843378731,78.28275799,6.49,1.67,49342.53035
2017,europe,846342392,78.59172227,6.22,1.63,50170.28143
2018,europe,848893272,78.65605891,5.97,1.59,50663.87424
2019,europe,850867130,78.7127258,5.74,1.55,50920.37056
2020,europe,851695278,77.34112645,5.53,1.52,47725.19935
2021,europe,851427272,76.97205688,5.35,1.52,50236.37707
2022,europe,850263978,77.7553368,5.18,1.46,50786.19029
2023,europe,849241875,79.19634831,5.02,1.44,50701.99105
2024,europe,849001700,79.57572492,4.87,1.44,50255.54803
2025,europe,848588421,79.73144545,4.73,1.45,50099.93088
2026,europe,847963529,79.88804892,4.59,1.45,49984.2627
2027,europe,847170532,80.04715915,4.46,1.45,50205.27802
2028,europe,846280030,80.20509131,4.33,1.46,50595.86035
2029,europe,845276308,80.36453881,4.21,1.46,51166.67742
2030,europe,844174110,80.51941427,4.09,1.46,50097.04462
2031,europe,842963980,80.67668212,3.98,1.46,50045.5006
2032,europe,841678758,80.82943715,3.87,1.47,49988.80874
2033,europe,840372191,80.98644714,3.76,1.47,49929.7252
2034,europe,839024022,81.13831147,3.66,1.47,49869.13195
2035,europe,837630420,81.29014163,3.56,1.48,49807.65704
2036,europe,836190409,81.44248218,3.47,1.48,49741.77401
2037,europe,834707939,81.59357195,3.38,1.48,49671.10283
2038,europe,833193296,81.74201988,3.3,1.48,49599.89673
2039,europe,831631882,81.8911793,3.22,1.49,49524.93921
2040,europe,830041411,82.03866029,3.14,1.49,49446.32559
2041,europe,828449098,82.1851398,3.07,1.49,49371.02786
2042,europe,826839219,82.33054878,2.99,1.5,49299.18701
2043,europe,825167704,82.47581621,2.93,1.5,49224.32683
2044,europe,823422361,82.62084202,2.86,1.5,49145.72092
2045,europe,821617387,82.76523817,2.8,1.51,49067.19798
2046,europe,819752734,82.90568982,2.73,1.51,48986.52824
2047,europe,817797365,83.04974244,2.68,1.51,48903.80324
2048,europe,815720201,83.18916701,2.62,1.51,48817.33161
2049,europe,813511855,83.32952842,2.56,1.52,48723.63766
2050,europe,811175744,83.46873232,2.51,1.52,48629.1016
2051,europe,808728570,83.60906174,2.45,1.52,48536.53552
2052,europe,806170944,83.74370663,2.41,1.52,48440.10064
2053,europe,803461895,83.88015476,2.36,1.52,48335.35062
2054,europe,800607070,84.01771511,2.31,1.52,48224.18871
2055,europe,797636255,84.15239447,2.27,1.53,48109.65457
2056,europe,794553179,84.28730436,2.22,1.53,47991.86732
2057,europe,791400969,84.42207748,2.18,1.53,47872.62466
2058,europe,788192629,84.55542786,2.14,1.53,47753.53872
2059,europe,784921274,84.69030284,2.1,1.53,47636.52012
2060,europe,781623505,84.822486,2.06,1.53,47521.08832
2061,europe,778316208,84.95245416,2.02,1.54,47406.74821
2062,europe,774990621,85.08243511,1.98,1.54,47291.31654
2063,europe,771665413,85.21339429,1.95,1.54,47173.99156
2064,europe,768345938,85.34550168,1.91,1.54,47056.73437
2065,europe,765037954,85.47526581,1.88,1.54,46940.62443
2066,europe,761767919,85.60204349,1.84,1.54,46828.88387
2067,europe,758559001,85.73126031,1.81,1.54,46724.26103
2068,europe,755390055,85.85882917,1.78,1.54,46621.70087
2069,europe,752244543,85.98585461,1.75,1.55,46520.47781
2070,europe,749133160,86.11195183,1.72,1.55,46422.84419
2071,europe,746061075,86.23785058,1.69,1.55,46329.2806
2072,europe,743042524,86.36152405,1.66,1.55,46240.99101
2073,europe,740068765,86.49043842,1.63,1.55,46153.4399
2074,europe,737120848,86.61239341,1.61,1.55,46069.21702
2075,europe,734239629,86.73583516,1.58,1.55,45995.27545
2076,europe,731432150,86.86021306,1.55,1.55,45928.59668
2077,europe,728650315,86.9836137,1.53,1.56,45863.52171
2078,europe,725904606,87.10622349,1.5,1.56,45801.65045
2079,europe,723208745,87.22991204,1.48,1.56,45740.97361
2080,europe,720557135,87.35160424,1.46,1.56,45683.42619
2081,europe,717964960,87.47201658,1.43,1.56,45635.4658
2082,europe,715407251,87.59059796,1.41,1.56,45593.28411
2083,europe,712871820,87.71105892,1.39,1.56,45553.70622
2084,europe,710367156,87.83113475,1.37,1.56,45515.64709
2085,europe,707870876,87.95045746,1.35,1.56,45478.77932
2086,europe,705387871,88.07009782,1.33,1.56,45446.16761
2087,europe,702947988,88.1896886,1.31,1.57,45416.94146
2088,europe,700547475,88.30669646,1.29,1.57,45390.12233
2089,europe,698153833,88.42867876,1.27,1.57,45364.98892
2090,europe,695754657,88.5459698,1.25,1.57,45338.75388
2091,europe,693381140,88.66248349,1.23,1.57,45315.20011
2092,europe,691030582,88.78401043,1.21,1.57,45294.48552
2093,europe,688692188,88.90066373,1.19,1.57,45274.86582
2094,europe,686379824,89.01826459,1.18,1.57,45259.52095
2095,europe,684058184,89.13667474,1.16,1.58,45245.2844
2096,europe,681699726,89.2549388,1.14,1.58,45229.00651
2097,europe,679322405,89.37157568,1.13,1.57,45211.77663
2098,europe,676946774,89.49068939,1.11,1.58,45194.45834
2099,europe,674553325,89.60928932,1.09,1.58,45175.41566
2100,europe,672127985,89.72601984,1.09,1.58,45156.18908
1800,americas,23556679,32.96083566,407.46,6.55,93.67304661
1801,americas,23817319,32.97473867,407.36,6.55,94.94881196
1802,americas,24087376,32.98864568,407.24,6.54,96.15618278
1803,americas,24367066,33.00281872,407.14,6.54,95.99902883
1804,americas,24656605,33.017224,407.03,6.53,96.44802756
1805,americas,24956229,33.03219176,406.91,6.53,98.16306373
1806,americas,25266199,33.04740578,406.8,6.52,99.76281618
1807,americas,25586783,33.06288799,406.68,6.52,100.7972708
1808,americas,25918267,33.07866246,406.57,6.51,97.67415818
1809,americas,26260970,33.09475531,406.43,6.51,100.5139551
1810,americas,26690357,33.12293325,406.16,6.5,102.5457994
1811,americas,27119143,33.15153851,405.86,6.5,104.0893622
1812,americas,27581531,33.18394423,405.53,6.49,104.3196673
1813,americas,28078198,33.22021083,405.13,6.49,106.1270872
1814,americas,28589362,33.2566537,404.76,6.48,108.472914
1815,americas,29115431,33.29245002,404.38,6.48,109.5032866
1816,americas,29656837,33.32841278,404,6.47,108.3967398
1817,americas,30214012,33.36477827,403.62,6.46,109.5988589
1818,americas,30787413,33.40103061,403.25,6.46,111.2256403
1819,americas,31359561,33.44099904,402.82,6.45,112.4036549
1820,americas,31930382,33.48927678,402.3,6.45,113.4037394
1821,americas,32494929,33.54242562,401.68,6.44,115.6501244
1822,americas,33057964,33.59934957,401.04,6.43,119.3198876
1823,americas,33622012,33.65953438,400.32,6.42,120.4581794
1824,americas,34202396,33.72024011,399.64,6.42,124.2911257
1825,americas,34799604,33.76967969,399.06,6.41,128.1813413
1826,americas,35414150,33.81721227,398.48,6.4,130.844511
1827,americas,36046555,33.86561891,397.92,6.39,133.5769335
1828,americas,36697369,33.91346979,397.35,6.38,135.8792359
1829,americas,37378035,33.95772218,396.85,6.37,135.63109
1830,americas,38088948,34.00630423,396.29,6.37,144.4385121
1831,americas,38830521,34.05206084,395.76,6.36,152.9141888
1832,americas,39603158,34.09836121,395.23,6.35,160.2862366
1833,americas,40407297,34.14181695,394.75,6.34,167.7851365
1834,americas,41232471,34.18527555,394.29,6.34,166.3944662
1835,americas,42079307,34.22648206,393.8,6.33,174.3680825
1836,americas,42948438,34.26809335,393.38,6.32,179.8125329
1837,americas,43840532,34.30977549,392.94,6.32,180.0768794
1838,americas,44756262,34.35152576,392.52,6.31,182.6412461
1839,americas,45703509,34.39680687,392.02,6.3,192.4734684
1840,americas,46683454,34.44010998,391.59,6.29,190.7096502
1841,americas,47697313,34.48501713,391.23,6.28,193.5488242
1842,americas,48746368,34.52921679,390.87,6.26,197.6157637
1843,americas,49831938,34.57521992,390.48,6.24,204.23718
1844,americas,50948234,34.62077725,390.12,6.22,216.8743116
1845,americas,52096229,34.66759684,389.71,6.21,225.2087857
1846,americas,53276959,34.7147718,389.27,6.19,231.8429961
1847,americas,54491462,34.76149851,388.86,6.17,242.421111
1848,americas,55740843,34.80857559,388.46,6.15,253.4733482
1849,americas,56977768,34.85272797,388.09,6.13,255.5267085
1850,americas,58202364,34.89537477,387.73,6.11,264.1317228
1851,americas,59424077,34.93329367,387.42,6.09,280.9285685
1852,americas,60633859,34.96848294,387.16,6.07,298.8231425
1853,americas,61831663,35.00247853,386.89,6.04,323.1992919
1854,americas,63065853,35.03654496,386.64,6.01,333.9599788
1855,americas,64337286,35.07027155,386.41,5.99,339.6473857
1856,americas,65646847,35.10489195,386.22,5.97,354.0394989
1857,americas,66995468,35.13946727,385.93,5.94,362.2573166
1858,americas,68384101,35.17441524,385.66,5.9,375.2191335
1859,americas,69734610,35.20906014,385.41,5.88,393.5041172
1860,americas,71044143,35.23484029,385.41,5.87,413.0255324
1861,americas,72309769,34.62629552,385.01,5.83,417.5340529
1862,americas,73528470,33.06121674,384.87,5.82,436.0618357
1863,americas,74697156,32.84178244,384.68,5.79,468.5685735
1864,americas,75891743,31.46856471,384.55,5.78,491.5851587
1865,americas,77112821,34.69719535,384.4,5.74,484.989424
1866,americas,78360986,35.36439506,384.44,5.72,494.4400309
1867,americas,79636856,35.37820884,384.43,5.71,519.3444607
1868,americas,80941063,35.39293166,384.46,5.69,537.0317015
1869,americas,82299667,35.4052896,384.48,5.67,562.0254874
1870,americas,83714149,35.43448561,384.2,5.65,560.6307136
1871,americas,85185995,35.46119669,383.96,5.63,582.9214403
1872,americas,86716702,35.49043723,383.71,5.61,601.5586235
1873,americas,88307758,35.51776856,383.5,5.6,625.832644
1874,americas,89935370,35.54492355,383.25,5.58,622.7902685
1875,americas,91600230,35.5902148,382.74,5.55,644.6005508
1876,americas,93303060,35.63430175,382.24,5.53,648.3628443
1877,americas,95044591,35.6785229,381.75,5.51,664.374594
1878,americas,96825582,35.72126058,381.31,5.48,684.4529642
1879,americas,98660248,35.76424465,380.99,5.48,751.4699915
1880,americas,100549538,35.80352575,380.85,5.46,820.0715285
1881,americas,102494462,36.13123323,377.69,5.46,843.467008
1882,americas,104496113,36.48586965,374.29,5.42,890.3603537
1883,americas,106555682,36.79578205,371.47,5.39,906.4526102
1884,americas,108660889,37.11292828,369.06,5.35,923.8238466
1885,americas,110812969,37.43252307,365.8,5.27,924.5439503
1886,americas,113013180,37.7548291,362.98,5.26,947.3792726
1887,americas,115262852,38.07642833,360.3,5.24,979.461232
1888,americas,117563348,38.42372548,357.53,5.22,979.3429824
1889,americas,119857442,38.74757212,355.44,5.2,1027.735328
1890,americas,122144055,38.99005746,353.59,5.16,1040.846334
1891,americas,124422008,39.03154988,354.87,5.12,1075.601948
1892,americas,126690011,39.07818599,356.86,5.1,1154.200232
1893,americas,128946667,39.11696604,359.43,5.08,1101.419817
1894,americas,131249233,39.58438224,353.11,5.07,1077.388411
1895,americas,133598601,40.04603781,347.06,5.04,1187.662395
1896,americas,135995714,40.20206989,346.97,4.98,1163.210311
1897,americas,138441522,40.18382808,350.09,4.93,1243.235882
1898,americas,140937007,40.49341491,347.04,4.89,1267.933333
1899,americas,143511098,40.52794274,349.39,4.86,1360.65732
1900,americas,146165731,41.19059019,341.9,4.84,1381.259645
1901,americas,148902914,41.34627699,340.22,4.82,1511.874395
1902,americas,151724714,42.19065994,326.53,4.8,1516.293283
1903,americas,154633271,42.28988811,324.39,4.8,1581.151551
1904,americas,157602856,41.84968418,326.48,4.77,1564.025574
1905,americas,160634846,42.0810242,325.3,4.75,1665.069094
1906,americas,163730656,42.10498896,327.82,4.73,1825.840481
1907,americas,166891733,42.21051831,327.29,4.7,1847.767234
1908,americas,170119570,43.26821982,321.8,4.67,1716.569484
1909,americas,173261920,43.85114471,312.95,4.64,1874.952428
1910,americas,176315352,43.24336966,317.75,4.64,1876.774726
1911,americas,179276321,44.17597798,313.85,4.62,1909.707274
1912,americas,182141161,44.61775837,306.17,4.6,1970.629654
1913,americas,184906104,44.40474141,306.62,4.53,2000.117538
1914,americas,187720994,45.06307127,297.42,4.58,1821.926744
1915,americas,190586790,45.39946148,292.89,4.54,1845.298996
1916,americas,193504494,45.02147114,294.38,4.5,2043.620158
1917,americas,196475095,44.99324767,294.46,4.41,1983.72347
1918,americas,199472491,38.20328458,317.11,4.41,2112.627838
1919,americas,202575365,45.86734883,293.08,4.29,2118.911029
1920,americas,205785555,46.00030404,287.05,4.39,2092.233808
1921,americas,209104940,47.49269687,271.52,4.44,2014.580839
1922,americas,212535424,47.52251935,270.97,4.32,2109.961078
1923,americas,216078957,47.32716496,271.94,4.31,2333.383773
1924,americas,219686155,47.91491577,265.8,4.31,2372.869499
1925,americas,223358255,47.93130524,262.1,4.25,2410.274062
1926,americas,227096532,47.77768442,258.87,4.19,2532.896242
1927,americas,230902280,49.05045495,248.62,4.15,2551.286243
1928,americas,234776821,48.13032214,250.95,4.05,2591.60043
1929,americas,238491113,48.30750368,248.56,3.98,2704.130984
1930,americas,242040394,48.99351582,242.57,3.97,2461.493805
1931,americas,245419807,49.58667934,241.47,3.9,2285.78447
1932,americas,248624364,50.1161153,238.51,3.85,1977.322144
1933,americas,251648965,50.11336802,245.55,3.68,1933.828504
1934,americas,254718792,49.94508384,239.92,3.71,2081.490505
1935,americas,257834628,50.48716921,239.34,3.69,2295.807018
1936,americas,260997267,50.21744844,238.16,3.67,2481.817208
1937,americas,264207530,50.56016231,235.66,3.68,2641.659975
1938,americas,267466236,51.64333782,228.84,3.73,2514.439782
1939,americas,271141246,52.63787668,217.23,3.71,2654.471072
1940,americas,275245867,52.45628517,217.37,3.76,2836.400285
1941,americas,279793795,53.29788907,205.88,3.83,3169.175719
1942,americas,284799133,53.83783945,198.42,3.97,3449.830849
1943,americas,290276389,54.27144649,188.82,4.05,3709.578567
1944,americas,295873495,55.04565965,185.07,4.01,3948.883922
1945,americas,301593379,55.7584191,179.97,4,3880.289071
1946,americas,307439053,56.55360737,167.19,4.26,3633.961564
1947,americas,313413606,57.27358774,157.1,4.44,3585.846197
1948,americas,319520216,58.16591895,152.25,4.4,3729.796048
1949,americas,325979004,58.59615591,152.33,4.44,3662.126576
1950,americas,332801946,59.52770931,146.91,4.47,3910.578206
1951,americas,339785417,59.75379866,148.14,4.55,4118.419788
1952,americas,347029191,60.22618249,143.25,4.61,4198.518907
1953,americas,354508986,60.70273826,138.45,4.65,4302.867467
1954,americas,362253218,61.42841539,133.15,4.72,4243.428589
1955,americas,370251116,61.66145042,129.3,4.75,4454.927501
1956,americas,378504947,61.9232101,124.06,4.82,4492.480297
1957,americas,387031648,61.97076086,120.31,4.87,4530.249499
1958,americas,395745412,62.33703795,117,4.89,4470.90894
1959,americas,404799476,62.62428534,113.75,4.9,4674.183182
1960,americas,414198850,62.86930768,110.73,4.9,4814.693359
1961,americas,423844542,63.3432168,108.05,4.88,4944.718029
1962,americas,433675800,63.53352041,106.23,4.8,5159.005234
1963,americas,443525984,63.60787842,104.36,4.73,5258.049673
1964,americas,453404297,63.9399041,102.55,4.64,5462.831303
1965,americas,463226731,64.09769752,102.03,4.48,5688.416879
1966,americas,472907364,64.30341063,101.05,4.33,5925.752923
1967,americas,482461854,64.53916697,99.66,4.2,5991.9393
1968,americas,491919518,64.57265469,98.11,4.11,6185.089675
1969,americas,501393514,64.82898331,96.02,4.06,6309.177755
1970,americas,511208538,64.9714462,93.42,4.02,6305.794395
1971,americas,521276217,65.72501851,92.17,3.88,6450.56563
1972,americas,531119928,65.90877201,91.35,3.72,6707.499149
1973,americas,540758661,66.23851824,89.59,3.61,7020.680213
1974,americas,550417768,66.73980795,87.04,3.53,7024.073417
1975,americas,560138936,67.29931705,84.57,3.46,6986.919892
1976,americas,569901195,67.54127807,81.81,3.4,7270.021061
1977,americas,579811566,68.11606822,78.47,3.36,7506.480732
1978,americas,589889939,68.60217067,75.62,3.3,7801.80283
1979,americas,600106619,68.88841939,72.15,3.26,8038.354676
1980,americas,610535410,69.12241274,68.84,3.21,8094.661544
1981,americas,621055146,69.38828487,65.84,3.16,8157.368182
1982,americas,631639766,69.84366168,62.77,3.11,7921.377762
1983,americas,642362965,70.01359242,60.08,3.05,7998.693514
1984,americas,653123764,70.23332084,57.32,3,8395.047325
1985,americas,663858536,70.3086872,54.56,2.95,8608.646848
1986,americas,674529061,70.7618252,52.17,2.9,8789.676447
1987,americas,685190186,71.03151842,49.76,2.86,8963.342423
1988,americas,695965823,71.28867469,47.36,2.83,9120.134247
1989,americas,706849753,71.62083553,44.95,2.81,9263.703692
1990,americas,718162182,71.98907691,42.66,2.79,9253.528117
1991,americas,729765731,72.25335008,40.74,2.75,9197.815031
1992,americas,741328691,72.49943441,38.85,2.7,9382.149352
1993,americas,752727619,72.57237308,37.02,2.65,9582.202852
1994,americas,763847595,72.79376407,35.2,2.61,9907.042126
1995,americas,774831212,73.00129605,33.44,2.56,10023.91843
1996,americas,785671662,73.33422459,31.72,2.52,10299.25887
1997,americas,796391554,73.71998122,30.07,2.48,10684.73341
1998,americas,807145652,73.85929605,28.7,2.45,11008.50981
1999,americas,817841923,74.05392947,27.05,2.42,11297.17997
2000,americas,828364943,74.4404548,25.35,2.39,11651.38445
2001,americas,838775000,74.63558735,24.09,2.34,11659.6683
2002,americas,849010912,74.73668561,22.9,2.3,11749.40126
2003,americas,859076805,74.94530728,21.72,2.27,11987.68871
2004,americas,869053870,75.25582607,20.67,2.24,12409.85301
2005,americas,879009623,75.49458452,19.72,2.22,12773.77794
2006,americas,888982972,75.742575,18.77,2.21,13132.9276
2007,americas,899038842,75.9807362,17.97,2.19,13438.18783
2008,americas,909101619,76.09665479,17.32,2.16,13519.9137
2009,americas,919031235,76.1767624,16.78,2.12,13094.64792
2010,americas,928815608,76.09602011,18.56,2.08,13521.59177
2011,americas,938572649,76.56688447,15.79,2.06,13775.99328
2012,americas,948309464,76.72454235,15.29,2.03,13995.13306
2013,americas,957963346,76.81835471,14.72,2.01,14218.92894
2014,americas,967516921,76.94285204,14.34,2,14421.32515
2015,americas,976920364,77.00275315,14.05,1.97,14607.20136
2016,americas,986286631,76.97347747,14.09,1.93,14665.34127
2017,americas,995516763,77.13864478,13.46,1.89,14906.0898
2018,americas,1004357092,77.21743927,13.04,1.87,15199.1549
2019,americas,1012758739,77.2969369,12.8,1.83,15417.56147
2020,americas,1019345598,75.42355191,12.54,1.76,14713.74639
2021,americas,1024116808,74.78649611,12.27,1.75,15572.6589
2022,americas,1029780594,76.16320172,11.99,1.75,15926.70777
2023,americas,1036729172,77.95668592,11.7,1.72,16239.37583
2024,americas,1043693262,78.20011819,11.4,1.71,16554.20327
2025,americas,1050353521,78.37366153,11.08,1.7,16832.43237
2026,americas,1056711357,78.54833326,10.76,1.7,17128.00809
2027,americas,1062839309,78.72530777,10.43,1.69,17472.59636
2028,americas,1068804396,78.89816341,10.11,1.69,17865.38346
2029,americas,1074590560,79.07251953,9.79,1.68,18316.44455
2030,americas,1080192094,79.24162446,9.49,1.68,18312.53009
2031,americas,1085629893,79.41393481,9.21,1.67,18518.51041
2032,americas,1090897553,79.58624553,8.94,1.67,18726.38113
2033,americas,1095988168,79.75300882,8.68,1.67,18935.80921
2034,americas,1100920873,79.92600111,8.45,1.67,19147.17897
2035,americas,1105679063,80.0925961,8.23,1.66,19360.16153
2036,americas,1110240607,80.26176403,8.03,1.66,19574.21341
2037,americas,1114621465,80.42927767,7.83,1.66,19789.78062
2038,americas,1118827275,80.59554441,7.65,1.66,20006.67443
2039,americas,1122823249,80.76116885,7.47,1.66,20224.27767
2040,americas,1126591349,80.92673646,7.3,1.66,20442.56422
2041,americas,1130143882,81.09163105,7.12,1.66,20661.61088
2042,americas,1133495924,81.25610845,6.96,1.65,20881.97239
2043,americas,1136629391,81.41553132,6.8,1.65,21103.37007
2044,americas,1139517197,81.58028722,6.64,1.65,21325.23128
2045,americas,1142180874,81.73486349,6.49,1.65,21548.53863
2046,americas,1144614499,81.89708802,6.35,1.65,21773.68538
2047,americas,1146836900,82.05384187,6.2,1.65,22001.22577
2048,americas,1148855709,82.21530057,6.07,1.65,22231.5695
2049,americas,1150651446,82.37348289,5.94,1.64,22464.82314
2050,americas,1152262465,82.52531564,5.82,1.64,22701.77607
2051,americas,1153707209,82.6780973,5.7,1.64,22943.15334
2052,americas,1154969782,82.83210012,5.58,1.64,23188.9339
2053,americas,1156052189,82.98611741,5.47,1.64,23438.94696
2054,americas,1156940970,83.13422385,5.36,1.64,23692.59015
2055,americas,1157645450,83.28136881,5.26,1.64,23949.69333
2056,americas,1158206574,83.42817883,5.15,1.64,24211.32484
2057,americas,1158658812,83.57767634,5.05,1.64,24477.62189
2058,americas,1159028015,83.71740208,4.96,1.64,24748.3764
2059,americas,1159274479,83.86350625,4.86,1.64,25022.41929
2060,americas,1159360945,84.00723082,4.78,1.64,25298.04419
2061,americas,1159340046,84.14686873,4.69,1.64,25575.57117
2062,americas,1159233090,84.28746446,4.6,1.64,25854.93945
2063,americas,1159015832,84.42655007,4.52,1.64,26134.76819
2064,americas,1158674988,84.56502586,4.44,1.64,26414.17971
2065,americas,1158217501,84.70168679,4.36,1.64,26693.30392
2066,americas,1157668588,84.83842577,4.29,1.64,26971.96279
2067,americas,1157041338,84.96922684,4.21,1.64,27250.24005
2068,americas,1156307192,85.106425,4.14,1.64,27527.51961
2069,americas,1155461628,85.2405063,4.07,1.64,27803.11956
2070,americas,1154495186,85.37150625,4,1.64,28076.65877
2071,americas,1153417579,85.50265014,3.94,1.64,28348.21534
2072,americas,1152223783,85.63435598,3.87,1.64,28617.85997
2073,americas,1150891961,85.76190585,3.81,1.64,28885.86751
2074,americas,1149445405,85.89058045,3.75,1.64,29152.80823
2075,americas,1147917160,86.01655818,3.69,1.64,29419.5403
2076,americas,1146298159,86.14762916,3.64,1.64,29686.35584
2077,americas,1144534770,86.2734297,3.58,1.64,29951.69978
2078,americas,1142651295,86.40341318,3.52,1.64,30215.97559
2079,americas,1140651255,86.52223266,3.47,1.64,30480.10884
2080,americas,1138526852,86.64828876,3.42,1.64,30743.68573
2081,americas,1136360109,86.77489948,3.37,1.64,31008.08115
2082,americas,1134128722,86.90054967,3.31,1.64,31272.44403
2083,americas,1131793592,87.02241462,3.27,1.64,31534.94859
2084,americas,1129390135,87.14386443,3.22,1.64,31796.21777
2085,americas,1126881348,87.2686789,3.17,1.64,32055.05209
2086,americas,1124307176,87.39098797,3.13,1.64,32312.15054
2087,americas,1121710918,87.51171019,3.08,1.64,32568.29553
2088,americas,1119114350,87.63431787,3.03,1.64,32823.89109
2089,americas,1116490649,87.75339825,2.99,1.64,33077.95375
2090,americas,1113788579,87.87010617,2.95,1.64,33328.78274
2091,americas,1111066756,87.99581811,2.9,1.64,33578.11071
2092,americas,1108343186,88.11358241,2.86,1.64,33826.64789
2093,americas,1105585171,88.23347744,2.82,1.64,34073.78005
2094,americas,1102804328,88.35695594,2.79,1.64,34320.27656
2095,americas,1100004774,88.47331035,2.74,1.64,34565.96459
2096,americas,1097157450,88.59349345,2.7,1.64,34809.99354
2097,americas,1094294136,88.7166722,2.67,1.64,35053.30779
2098,americas,1091411644,88.8307898,2.63,1.64,35295.98944
2099,americas,1088499555,88.95059505,2.6,1.64,35538.11385
2100,americas,1085557313,89.06753642,2.59,1.64,35778.99004
1800,world,985083735,30.64173384,428,5.8,1223.979426
1801,world,988518009,30.71239357,427,5.8,1220.103082
1802,world,991993182,30.60051854,427,5.8,1219.758009
1803,world,995509576,30.27758926,426,5.8,1220.681647
1804,world,999067550,30.19749192,426,5.8,1228.628116
1805,world,1002667483,30.78082324,426,5.8,1224.69536
1806,world,1006309768,30.79082163,426,5.8,1222.974886
1807,world,1009994839,30.7398525,425,5.8,1221.622291
1808,world,1013723142,30.70976473,425,5.8,1221.047213
1809,world,1017495164,30.73240556,425,5.8,1219.555115
1810,world,1022935503,30.82089956,425,5.8,1219.246896
1811,world,1028432388,30.81299505,424,5.8,1211.048149
1812,world,1034582343,30.21499862,424,5.78,1201.842639
1813,world,1041401489,30.74975592,423,5.77,1213.038346
1814,world,1048392002,30.70779466,423,5.77,1220.989206
1815,world,1055558056,30.93836181,422,5.78,1221.339911
1816,world,1062904018,31.04793161,422,5.78,1209.483255
1817,world,1070434459,31.06061928,422,5.77,1203.029237
1818,world,1078154164,31.01719421,422,5.77,1213.818506
1819,world,1085762043,30.99394218,422,5.77,1217.342771
1820,world,1093244955,31.09323282,421,5.77,1230.492284
1821,world,1100353908,31.14353283,421,5.77,1237.285793
1822,world,1107285721,31.11587218,421,5.77,1236.630269
1823,world,1114556675,31.16153146,421,5.77,1240.268228
1824,world,1121928309,31.12142435,421,5.76,1249.120006
1825,world,1129402060,31.12819854,421,5.77,1247.268005
1826,world,1136978934,31.10294711,421,5.76,1247.529734
1827,world,1144660456,31.18839025,421,5.75,1251.70205
1828,world,1152448156,31.1226232,421,5.75,1250.040814
1829,world,1159787562,31.14646694,421,5.74,1252.291444
1830,world,1166675351,31.19238487,422,5.74,1255.828634
1831,world,1173107948,31.15521458,422,5.73,1260.963445
1832,world,1179053710,30.61928877,422,5.73,1272.473289
1833,world,1184508718,30.54548951,422,5.75,1278.134865
1834,world,1190024997,31.07835996,423,5.75,1281.645418
1835,world,1195603662,31.22339304,422,5.74,1295.031369
1836,world,1201245854,31.28229422,422,5.74,1298.668712
1837,world,1206952746,30.95268952,422,5.74,1300.691468
1838,world,1212725543,30.90613125,422,5.74,1306.837021
1839,world,1218426772,31.28948523,421,5.75,1307.052953
1840,world,1224058418,31.26941711,421,5.75,1318.091256
1841,world,1229625751,31.32834984,421,5.75,1320.18249
1842,world,1235130935,31.2926912,422,5.75,1316.096734
1843,world,1240576195,31.33467338,421,5.75,1322.865692
1844,world,1246102552,31.38476612,421,5.75,1339.736452
1845,world,1251711693,31.44763256,420,5.74,1344.074873
1846,world,1257405291,31.17273068,424,5.75,1342.439254
1847,world,1263185490,31.14676826,422,5.74,1351.309926
1848,world,1269054017,30.77692715,423,5.74,1358.778763
1849,world,1274142450,30.93376797,423,5.75,1366.738828
1850,world,1278456221,31.37631796,420,5.75,1372.758871
1851,world,1281435587,31.10409615,424,5.75,1387.564549
1852,world,1283645240,30.80918399,429,5.74,1410.343389
1853,world,1285093222,30.56274974,432,5.72,1422.214559
1854,world,1286652188,30.0517967,437,5.72,1438.801143
1855,world,1288323525,29.85152022,440,5.7,1440.00694
1856,world,1290108648,29.79534977,442,5.71,1463.030878
1857,world,1292009053,30.01575038,442,5.71,1477.627454
1858,world,1294026315,30.27736092,438,5.72,1487.073089
1859,world,1296418024,30.44212906,437,5.73,1495.847809
1860,world,1299177218,30.57194744,429,5.73,1519.865348
1861,world,1302306139,30.49052911,429,5.73,1513.322246
1862,world,1305796770,31.38564165,426,5.74,1526.435973
1863,world,1309637058,31.55771623,425,5.74,1563.206479
1864,world,1313559841,31.61981122,422,5.74,1579.980539
1865,world,1317558405,31.77784045,423,5.73,1577.992462
1866,world,1321632098,31.06841504,421,5.71,1585.902909
1867,world,1325788657,32.12688688,420,5.7,1593.69326
1868,world,1330026600,31.96247581,424,5.68,1620.756559
1869,world,1334846077,31.34453598,421,5.69,1637.27325
1870,world,1340260288,32.22858994,419,5.69,1643.121349
1871,world,1346187487,31.98671151,422,5.68,1655.57706
1872,world,1352784067,32.40155331,421,5.68,1683.918093
1873,world,1359956560,32.64011605,418,5.7,1698.195415
1874,world,1367199981,32.76558858,417,5.7,1719.716609
1875,world,1374542917,32.7200077,415,5.71,1740.323568
1876,world,1381965124,31.20630757,414,5.7,1733.567542
1877,world,1389436423,30.61916678,412,5.68,1748.942001
1878,world,1396973859,30.02173671,416,5.65,1762.818259
1879,world,1405040203,32.23785477,411,5.67,1776.199381
1880,world,1413675365,33.11151364,416,5.65,1832.271553
1881,world,1422901315,33.38035991,411,5.65,1855.734399
1882,world,1432720420,33.23129394,415,5.65,1888.003822
1883,world,1443125655,33.41771971,414,5.65,1904.113525
1884,world,1453662017,33.62356335,411,5.63,1912.013813
1885,world,1464387303,33.67613432,412,5.62,1919.104942
1886,world,1475219751,33.81052651,411,5.6,1926.647945
1887,world,1486208327,33.90414286,411,5.6,1977.847329
1888,world,1497325898,33.81565109,410,5.62,1992.677482
1889,world,1508217029,33.71139134,412,5.6,2016.210662
1890,world,1518897234,33.63589284,415,5.57,2043.113073
1891,world,1529316173,33.33705395,413,5.6,2027.614899
1892,world,1539487487,33.19478794,417,5.55,2090.264976
1893,world,1549414772,34.08530093,412,5.58,2097.195377
1894,world,1559480011,34.36504116,412,5.57,2137.205596
1895,world,1569696358,34.34808542,413,5.57,2179.274016
1896,world,1579999192,34.37001064,411,5.57,2181.000999
1897,world,1590448296,34.04563172,410,5.57,2250.491693
1898,world,1601022068,35.1698752,412,5.54,2304.712579
1899,world,1612252364,34.90339061,408,5.54,2346.486071
1900,world,1624107703,33.97828981,409,5.52,2368.500959
1901,world,1636583272,35.09629008,408,5.52,2417.43761
1902,world,1649710331,35.40260414,401,5.51,2448.265973
1903,world,1663483518,35.63710968,395,5.49,2485.342922
1904,world,1677432134,35.43608342,389,5.46,2494.324943
1905,world,1691560792,35.50157004,388,5.42,2525.344828
1906,world,1705875918,35.67864078,381,5.42,2611.573828
1907,world,1720398255,35.39769187,374,5.43,2616.309167
1908,world,1735131557,36.41520963,372,5.44,2566.792398
1909,world,1749280311,36.61666892,366,5.4,2676.928545
1910,world,1762840847,36.75292764,364,5.38,2692.716652
1911,world,1775738691,36.91389572,360,5.37,2724.560023
1912,world,1788143254,37.44642181,355,5.35,2789.896979
1913,world,1799957755,37.40762177,351,5.32,2838.901902
1914,world,1811966782,36.94875031,354,5.3,2704.760039
1915,world,1824173992,36.23150495,353,5.08,2709.559709
1916,world,1836522366,36.38424968,351,5.12,2811.2424
1917,world,1848986561,36.34830043,353,5.07,2733.643658
1918,world,1862155373,24.54464753,376,5.08,2671.565132
1919,world,1876069755,37.13124609,357,4.98,2661.688119
1920,world,1890751739,37.37602323,344,5.23,2649.679862
1921,world,1906083900,38.1655239,342,5.14,2644.851652
1922,world,1922074205,38.53252295,332,5.18,2772.925128
1923,world,1938750246,39.4819982,331,5.2,2852.066104
1924,world,1955702335,39.94630132,331,5.18,2964.190664
1925,world,1972916475,40.08731013,324,5.17,3057.984342
1926,world,1990404348,40.6353336,327,5.15,3133.393315
1927,world,2008163449,39.08453365,319,5.11,3187.6302
1928,world,2026209747,41.41021648,319,5.1,3255.382979
1929,world,2044958196,40.53694096,320,5.06,3341.075347
1930,world,2064454090,42.15697377,316,5.04,3207.402483
1931,world,2084705401,42.38754945,314,4.99,3065.149873
1932,world,2105697340,42.4830126,307,4.95,2910.199902
1933,world,2127386777,41.60184952,305,4.86,2898.11316
1934,world,2149351915,43.68519838,307,4.84,2998.564879
1935,world,2171601414,44.30338564,295,4.87,3148.379747
1936,world,2194230902,44.68069426,291,4.87,3295.113072
1937,world,2217226438,44.27283815,288,4.88,3423.376971
1938,world,2240632316,44.72717414,287,4.87,3395.42068
1939,world,2262963926,45.12391088,280,4.85,3513.683572
1940,world,2284199131,44.86924764,279,4.84,3549.577582
1941,world,2304364035,43.31245661,278,4.83,3669.842121
1942,world,2323438259,42.01618061,279,4.74,3724.362047
1943,world,2341257167,40.29676145,277,4.69,3789.277091
1944,world,2358978018,42.03443325,274,4.66,3800.166685
1945,world,2377034198,43.63211662,267,4.6,3525.722016
1946,world,2395728530,48.26962713,258,4.79,3377.449191
1947,world,2415389220,48.15296023,255,4.91,3444.188949
1948,world,2435843977,50.86374698,249,4.81,3633.745493
1949,world,2461763063,51.8807507,249,4.97,3714.247534
1950,world,2493092848,53.10404324,247,4.87,3903.490586
1951,world,2536927035,53.53217437,243,4.87,4089.980274
1952,world,2584086339,54.27102686,239,5.06,4203.204347
1953,world,2634106235,54.78082397,233,4.99,4354.487205
1954,world,2685894860,55.25063632,228,5.08,4396.077541
1955,world,2740213792,55.65587562,223,5.09,4594.767345
1956,world,2795409994,55.96837099,213,5.01,4717.140874
1957,world,2852618337,56.16594646,205,5.16,4802.774418
1958,world,2911249671,55.138392,197,5.01,4840.146229
1959,world,2965950351,53.60477906,199,4.79,4979.926828
1960,world,3015470894,50.94157561,202,4.74,5169.781877
1961,world,3064869675,54.06443155,188,4.61,5310.689912
1962,world,3123374315,56.95437196,170,5.11,5503.893347
1963,world,3192807828,58.02638951,162,5.42,5673.351969
1964,world,3264487339,58.45990531,157,5.21,5937.312108
1965,world,3334533703,58.45717075,151,5.17,6149.024202
1966,world,3404041125,58.79235756,151,5.08,6368.488838
1967,world,3473412880,59.0176931,153,4.95,6515.403663
1968,world,3545187251,59.40791389,150,5.08,6771.06896
1969,world,3619491579,59.68241153,146,4.98,7033.51555
1970,world,3694683794,59.9164079,142,4.94,7249.878216
1971,world,3769847865,60.29643984,139,4.78,7445.02403
1972,world,3844917680,60.72059075,137,4.64,7689.361167
1973,world,3920805042,61.16074352,135,4.5,8051.611629
1974,world,3996416096,61.4715474,133,4.34,8133.518657
1975,world,4070735277,61.7597923,131,4.15,8143.672077
1976,world,4144246377,61.96657006,128,4.04,8409.622286
1977,world,4217863796,62.48338336,126,3.92,8620.804481
1978,world,4292097502,62.86470568,123,3.85,8849.574246
1979,world,4368539528,63.23985046,119,3.84,9044.707051
1980,world,4447606236,63.54051242,118,3.82,9113.884936
1981,world,4528777306,63.81593128,113,3.79,9138.929613
1982,world,4612673421,64.17758162,111,3.8,9080.835165
1983,world,4697327573,64.39567557,107,3.68,9188.891629
1984,world,4782175519,64.63180569,105,3.66,9436.416668
1985,world,4868943465,64.94610266,102,3.62,9610.092852
1986,world,4958072838,65.36237364,100,3.6,9781.60667
1987,world,5049746397,65.6315972,98,3.57,9979.379502
1988,world,5141992542,65.84645274,96,3.48,10243.40514
1989,world,5234431732,66.09524273,95,3.43,10435.66603
1990,world,5327803110,66.32997713,93,3.39,10501.74241
1991,world,5418735891,66.46778716,92,3.21,10472.87425
1992,world,5505989816,66.6626315,91,3.13,10497.52711
1993,world,5591544797,66.7855195,90,3.06,10542.003
1994,world,5675551255,66.92090696,89,3,10714.01216
1995,world,5758878982,67.15071296,87,2.95,10930.92218
1996,world,5842055734,67.40731479,85,2.9,11209.61412
1997,world,5924787816,67.61022841,83,2.87,11512.80183
1998,world,6007066690,67.79633028,81,2.83,11660.46512
1999,world,6089006339,67.96391537,79,2.81,11942.63181
2000,world,6171702993,68.20173931,76,2.81,12379.94647
2001,world,6254936459,68.45980775,74,2.77,12548.04474
2002,world,6337730342,68.68251592,71,2.74,12765.43792
2003,world,6420361634,68.96490749,68,2.71,13104.41233
2004,world,6503377772,69.23311088,66,2.7,13632.78508
2005,world,6586970132,69.55131761,63,2.68,14107.44768
2006,world,6671452015,69.94641594,60,2.67,14676.21858
2007,world,6757308781,70.30184567,58,2.67,15268.16042
2008,world,6844457662,70.49611759,56,2.66,15518.69569
2009,world,6932766416,70.92210492,53,2.65,15238.0574
2010,world,7021732148,71.18678143,51,2.62,15838.78265
2011,world,7110923765,71.53452276,49,2.6,16275.13538
2012,world,7201202485,71.85943344,47,2.61,16589.81381
2013,world,7291793585,72.14474336,45,2.56,16923.83549
2014,world,7381616244,72.42844865,44,2.55,17291.19981
2015,world,7470491872,72.67599905,42,2.52,17666.83607
2016,world,7558554526,72.93848713,41,2.51,18039.81716
2017,world,7645617954,73.20822701,40,2.48,18522.26152
2018,world,7729902781,73.40736113,39,2.4,18991.59865
2019,world,7811293698,73.60753697,38,2.36,19343.06637
2020,world,7887001292,72.77940857,37,2.27,18600.89112
2021,world,7954448391,71.89814941,36,2.24,19624.83957
2022,world,8021407192,72.55876099,35,2.2,20114.13596
2023,world,8091734930,74.0550394,35,2.18,20551.75085
2024,world,8161972572,74.36405883,34,2.17,20941.44448
2025,world,8231613070,74.52363411,33,2.16,21362.45462
2026,world,8300678395,74.67838232,33,2.15,21786.30187
2027,world,8369094344,74.83263173,32,2.14,22297.9084
2028,world,8436618886,74.98283852,31,2.13,22892.94512
2029,world,8503285323,75.13253894,31,2.12,23571.3368
2030,world,8569124911,75.28188748,30,2.11,23497.35452
2031,world,8634119333,75.42857927,30,2.11,23741.58298
2032,world,8698229812,75.57363451,29,2.1,23987.77007
2033,world,8761449081,75.7179071,29,2.09,24236.11218
2034,world,8823784909,75.86004159,28,2.08,24486.54456
2035,world,8885210181,75.99990817,27,2.07,24738.89891
2036,world,8945686614,76.13959577,27,2.06,24993.10623
2037,world,9005152624,76.27744433,26,2.05,25249.63584
2038,world,9063572926,76.41445714,26,2.04,25508.51138
2039,world,9120928380,76.54949348,25,2.04,25769.29674
2040,world,9177190203,76.68334626,25,2.03,26031.86581
2041,world,9232281575,76.81826047,25,2.02,26296.52189
2042,world,9286110371,76.95067171,24,2.02,26563.50926
2043,world,9338661314,77.08090655,24,2.01,26832.44031
2044,world,9389873693,77.21105,23,2,27102.90923
2045,world,9439639668,77.34117911,23,2,27374.97737
2046,world,9487889604,77.47108786,22,1.99,27648.47995
2047,world,9534545977,77.59593047,22,1.98,27923.27481
2048,world,9579536043,77.72134229,22,1.98,28199.35365
2049,world,9622824029,77.8462312,21,1.97,28476.36551
2050,world,9664378587,77.96865971,21,1.97,28754.5188
2051,world,9704192304,78.08972861,21,1.96,29033.95192
2052,world,9742264515,78.21127241,20,1.96,29314.13197
2053,world,9778614614,78.33181612,20,1.95,29595.02106
2054,world,9813251659,78.45136107,20,1.95,29876.56484
2055,world,9846237570,78.56928735,19,1.94,30158.70079
2056,world,9877680392,78.68483209,19,1.94,30441.68617
2057,world,9907637193,78.80323112,19,1.93,30726.15271
2058,world,9936164379,78.91929679,19,1.93,31012.40538
2059,world,9963337082,79.03434973,18,1.93,31299.95023
2060,world,9989232292,79.14995922,18,1.92,31588.80139
2061,world,10013916213,79.26329469,18,1.92,31879.65311
2062,world,10037466600,79.37749465,18,1.91,32172.66904
2063,world,10059950035,79.4919702,17,1.91,32467.90627
2064,world,10081402737,79.60405632,17,1.91,32765.08663
2065,world,10101849561,79.71844969,17,1.9,33064.15772
2066,world,10121317107,79.83131127,17,1.9,33365.87931
2067,world,10139808361,79.94312593,16,1.9,33670.38437
2068,world,10157301941,80.05529374,16,1.89,33977.22221
2069,world,10173782135,80.16739899,16,1.89,34286.41787
2070,world,10189241959,80.2783837,16,1.89,34597.81677
2071,world,10203681568,80.39244389,16,1.88,34911.47836
2072,world,10217055169,80.50294069,15,1.88,35227.32641
2073,world,10229327824,80.61561259,15,1.88,35544.95383
2074,world,10240485056,80.72703604,15,1.87,35864.54945
2075,world,10250496432,80.83872269,15,1.87,36186.60131
2076,world,10259351432,80.95058597,15,1.87,36510.95356
2077,world,10267045023,81.06277779,14,1.86,36836.71448
2078,world,10273556322,81.17414563,14,1.86,37164.20711
2079,world,10278887473,81.28402047,14,1.86,37493.40396
2080,world,10283078029,81.39473665,14,1.85,37824.03824
2081,world,10286161735,81.50478659,14,1.85,38157.10091
2082,world,10288205050,81.61534869,14,1.85,38492.09047
2083,world,10289247323,81.72765949,13,1.84,38828.47083
2084,world,10289315244,81.8379175,13,1.84,39166.46024
2085,world,10288456599,81.94869916,13,1.84,39505.73224
2086,world,10286708360,82.05989175,13,1.83,39847.02716
2087,world,10284111374,82.16978046,13,1.83,40190.77394
2088,world,10280704572,82.27897709,13,1.83,40536.86295
2089,world,10276518280,82.3904516,12,1.83,40884.8105
2090,world,10271565070,82.50078501,12,1.82,41234.126
2091,world,10265861714,82.61156104,12,1.82,41585.647
2092,world,10259408375,82.72188966,12,1.82,41939.40119
2093,world,10252184759,82.83403904,12,1.82,42294.79747
2094,world,10244185837,82.94659651,12,1.81,42651.93583
2095,world,10235403601,83.05887134,12,1.81,43010.68843
2096,world,10225850874,83.17047982,12,1.81,43370.5464
2097,world,10215549310,83.280416,11,1.81,43731.65978
2098,world,10204489862,83.39307992,11,1.8,44094.15144
2099,world,10192689066,83.50637838,11,1.8,44457.76507
2100,world,10180160751,83.61751129,11,1.8,44822.41475