volcano_id,start_date,end_date
211020,07-1913,04-1944
211020,02-1864,11-1868
211020,12-1854,05-1855
211020,12-1855,12-1861
211020,07-1824,09-1834
211020,01-1835,01-1839
211020,12-1875,04-1906
211020,09-1841,02-1850
211020,12-1870,04-1872
211040,01-1857,06-1889
211040,06-1932,06-1932
211040,05-1910,07-1931
211040,02-1934,12-2024
211040,01-1890,05-1907
211050,08-1888,03-1890
211050,09-1873,01-1879
211060,11-1868,12-1868
211060,09-1869,09-1869
211060,01-1865,06-1865
211060,01-1947,03-1947
211060,05-1890,10-1890
211060,02-1946,10-1946
211060,06-1945,10-1945
211060,05-1863,07-1863
211060,12-2001,11-2003
211060,11-2022,12-2024
211060,02-2004,02-2004
211060,07-1899,08-1899
211060,08-1864,09-1864
211060,03-1809,04-1809
211060,08-1993,10-1993
211060,12-1820,01-1833
211060,10-1959,12-1964
211060,03-1959,04-1959
211060,01-1966,06-1971
211060,11-1958,12-1958
211060,09-1971,03-1979
211060,04-1893,06-1898
211060,06-1892,12-1892
211060,08-1957,05-1958
211060,02-1957,05-1957
211060,12-1949,05-1952
211060,02-1891,12-1891
211060,04-1955,04-1956
211060,04-1888,08-1889
211060,05-1887,08-1887
211060,10-1811,05-1812
211060,01-1884,06-1886
211060,12-1878,03-1883
211060,05-1819,08-1819
211060,08-1874,08-1874
211060,06-1994,08-2001
211060,07-1979,03-1993
211060,10-1941,04-1944
211060,04-1908,09-1909
211060,11-1899,08-1907
211060,04-2010,04-2010
211060,09-2004,03-2005
211060,11-1802,11-1802
211060,07-1928,11-1928
211060,08-1912,08-1912
211060,01-1926,06-1926
211060,11-1843,12-1843
211060,11-1913,03-1917
211060,08-1911,09-1911
211060,11-1842,12-1842
211060,07-1838,02-1839
211060,08-2010,04-2013
211060,09-2013,06-2022
211060,07-1931,09-1933
211060,12-1910,02-1911
211060,06-1917,07-1917
211060,12-2005,12-2005
211060,02-1910,04-1910
211060,03-1918,12-1918
211060,07-1935,01-1941
211060,03-1919,02-1925
211060,07-2006,12-2006
211060,08-1852,05-1853
211060,03-2007,07-2009
211060,10-1832,11-1832
211060,01-1934,03-1934
211060,01-1803,01-1819
211070,10-1846,10-1846
211070,06-1831,08-1831
211071,10-1891,10-1891
212040,08-1925,05-1926
212040,08-1939,07-1941
212040,01-1928,03-1928
212040,01-1866,10-1870
212040,01-1950,02-1950
212050,06-1873,09-1873
221010,09-2007,06-2008
221020,12-2011,01-2012
221020,09-2013,11-2013
221041,01-2011,01-2011
221060,11-2008,12-2008
221080,07-1967,12-2024
221100,05-1861,10-1861
221101,06-2011,06-2012
221112,06-1907,08-1907
221113,09-2005,09-2005
221115,08-2007,08-2007
221115,06-2009,07-2009
221126,11-1978,11-1978
222120,01-1983,09-1993
222120,01-1882,01-1883
222120,07-1967,09-1967
222120,06-2007,10-2010
222120,09-2016,10-2016
222120,06-2011,07-2014
222120,04-2017,12-2024
222120,09-1994,07-2006
222120,06-2015,08-2015
222120,07-1954,09-1954
222120,12-1916,06-1917
222120,03-1960,11-1966
222120,01-1907,08-1910
222120,01-1955,01-1955
222120,07-1940,02-1941
222120,08-1914,01-1915
222160,10-1910,12-1910
223020,02-1954,05-1954
223020,12-1981,01-1982
223020,03-1948,07-1948
223020,01-1980,02-1980
223020,07-2002,09-2002
223020,09-1991,02-1993
223020,05-2004,05-2004
223020,02-2001,04-2001
223020,11-1907,12-1907
223020,04-1907,05-1907
223020,01-2000,02-2000
223020,07-1986,08-1986
223020,04-2018,12-2024
223020,10-1998,10-1998
223020,12-1987,01-1988
223020,12-1996,12-1996
223020,04-1989,08-1989
223020,07-1905,09-1905
223020,07-1951,07-1951
223020,07-1994,08-1994
223020,11-1951,01-1952
223020,02-1984,03-1984
223020,01-1938,06-1940
223020,04-1904,05-1904
223020,03-1971,05-1971
223020,01-2010,01-2010
223020,11-2011,03-2012
223020,08-1958,11-1958
223020,11-2006,12-2006
223020,01-1921,01-1938
223020,04-1967,05-1967
223020,05-1909,05-1909
223020,11-2016,05-2017
223020,06-2014,05-2016
223020,12-1976,06-1977
223020,11-1956,11-1956
223020,12-1912,04-1913
223030,01-1920,01-1921
223030,01-2002,02-2002
223030,05-2002,10-2024
223030,06-1982,10-1982
223030,01-1977,01-1977
223030,03-1927,01-1977
223030,08-1911,10-1911
223030,06-1994,03-1996
223050,08-1957,08-1957
224010,05-1989,05-1989
224010,02-1922,08-1922
224010,04-1909,06-1909
224010,01-1959,03-1959
224010,05-2000,09-2000
224010,10-1982,11-1982
224010,06-1954,07-1954
224010,03-1999,04-1999
233005,07-2018,08-2019
233010,04-2005,04-2005
233010,01-2007,01-2007
233010,04-1948,06-1948
233010,03-1910,03-1910
233010,05-2006,06-2006
233010,11-2005,12-2005
233010,08-1918,08-1918
233010,02-1952,02-1952
233010,07-1965,07-1965
233010,02-1904,04-1904
233010,04-1977,04-1977
233010,07-1991,07-1991
233010,09-1972,10-1972
233010,03-1883,01-1884
233020,05-1952,07-1952
233020,09-2008,02-2009
233020,08-1902,08-1902
233020,01-1931,08-1931
233020,11-1932,11-1932
233020,11-1910,12-1910
233020,11-1850,11-1850
233020,06-1933,04-1934
233020,06-1972,01-1973
233020,05-1958,09-1958
233020,05-1930,05-1930
233020,07-2006,05-2007
233020,11-1975,04-1976
233020,09-1957,11-1957
233020,11-1976,11-1976
233020,08-1937,11-1937
233020,03-1977,04-1977
233020,10-2005,01-2006
233020,05-2015,10-2015
233020,10-1977,11-1977
233020,05-1973,09-1973
233020,12-1929,12-1929
233020,01-1897,01-1897
233020,11-2009,01-2010
233020,02-2015,02-2015
233020,02-1901,02-1901
233020,05-1900,05-1900
233020,11-1963,11-1963
233020,06-2014,06-2014
233020,01-1960,03-1960
233020,06-1920,10-1920
233020,07-1915,11-1915
233020,04-1964,05-1964
233020,11-1921,12-1921
233020,02-2005,02-2005
233020,02-1899,07-1899
233020,03-1959,08-1959
233020,05-1924,05-1924
233020,09-1924,09-1924
233020,12-1925,04-1926
233020,07-1913,08-1913
233020,10-2010,12-2010
233020,03-1844,05-1844
233020,09-1926,06-1927
233020,01-1898,01-1898
233020,03-1966,05-1966
233020,12-1964,02-1965
233020,07-1938,07-1938
233020,02-1890,02-1891
233020,08-1992,09-1992
233020,02-1865,02-1865
233020,07-1999,10-1999
233020,11-1986,02-1987
233020,01-1954,12-1954
233020,06-1987,07-1987
233020,11-1987,12-1988
233020,03-1998,09-1998
233020,02-1948,03-1948
233020,04-1961,04-1961
233020,08-1904,10-1904
233020,07-1986,07-1986
233020,06-1871,07-1871
233020,08-1950,09-1950
233020,01-1990,05-1990
233020,03-1953,07-1953
233020,03-1878,03-1878
233020,02-1905,02-1905
233020,09-1951,09-1951
233020,06-1874,11-1874
233020,07-1991,07-1991
233020,12-1876,12-1876
233020,11-1875,12-1875
233020,02-1950,04-1950
233020,12-1938,01-1939
233020,02-1884,02-1884
233020,06-1946,07-1946
233020,10-1942,10-1942
233020,05-2004,10-2004
233020,03-1943,05-1943
233020,11-1858,01-1859
233020,05-1859,05-1859
233020,05-2003,01-2004
233020,01-1860,03-1860
233020,11-2002,12-2002
233020,05-1979,07-1979
233020,03-1861,03-1861
233020,02-2000,03-2000
233020,07-1955,03-1957
233020,04-1944,05-1944
233020,01-2002,01-2002
233020,11-1907,12-1907
233020,04-1945,05-1945
233020,12-1863,01-1864
233020,03-2001,07-2001
233020,02-1981,05-1981
233020,12-1983,02-1984
233020,06-2000,11-2000
233020,06-1985,04-1986
233020,06-1889,08-1889
233020,07-1901,07-1901
233020,04-1917,04-1917
233020,07-2023,08-2023
233020,02-2019,03-2019
233020,09-2022,10-2022
233020,05-2016,05-2016
233020,09-1814,10-1814
233020,09-2016,09-2016
233020,02-2020,04-2020
233020,11-1800,11-1800
233020,11-1810,11-1810
233020,08-1815,08-1815
233020,07-2017,08-2017
233020,06-2019,10-2019
233020,07-1809,08-1809
233020,12-2021,01-2022
233020,01-2017,02-2017
233020,12-2020,12-2020
233020,03-1807,06-1807
233020,04-2018,11-2018
233020,01-1820,02-1820
233020,04-2021,05-2021
233020,10-1801,04-1802
233020,01-1815,01-1815
233020,01-1817,04-1817
233020,02-1821,04-1821
233020,08-1812,12-1812
233020,09-1813,11-1813
234010,01-1950,03-1952
234010,06-2003,06-2004
234010,01-1985,01-1987
234010,08-1953,11-1953
234010,09-2012,12-2024
234010,03-2000,02-2001
234010,04-1954,06-1954
234010,03-2006,03-2008
234010,03-1910,04-1910
234011,12-1996,02-1997
234070,06-2004,06-2004
241040,03-1998,03-1998
241040,04-2016,04-2016
241040,09-1928,09-1928
241040,02-2001,02-2001
241040,12-1976,01-1982
241040,02-1986,07-1994
241040,12-1959,12-1959
241040,08-2012,10-2013
241040,07-1971,07-1971
241040,12-1983,02-1984
241040,05-2024,12-2024
241040,08-1969,09-1969
241040,12-2019,12-2019
241040,01-1968,02-1969
241040,08-1998,08-1999
241040,11-1966,03-1967
241040,09-2016,09-2016
241040,03-2000,09-2000
241040,09-1886,12-1886
241040,06-1995,06-1995
241050,05-1981,05-1981
241050,06-1886,08-1886
241050,02-1978,02-1978
241050,01-1913,01-1913
241050,10-1908,10-1908
241050,02-1973,02-1973
241050,06-1905,06-1905
241050,11-1926,11-1926
241050,01-1914,02-1914
241050,02-1906,02-1906
241050,11-1915,11-1915
241050,02-1915,04-1915
241050,07-1910,07-1910
241050,02-1905,02-1905
241050,01-1918,01-1920
241050,01-1900,11-1904
241050,03-1917,04-1917
241080,01-1956,02-1956
241080,12-1934,02-1935
241080,11-1952,07-1953
241080,11-1896,12-1896
241080,11-2012,11-2012
241080,02-1839,03-1839
241080,11-1958,11-1958
241080,12-1864,01-1865
241080,05-1954,06-1955
241080,02-1892,03-1892
241080,10-1844,01-1845
241080,08-2012,08-2012
241080,03-1972,06-1972
241080,02-1949,03-1949
241080,11-1972,08-1974
241080,04-1948,05-1948
241080,07-1977,07-1977
241080,03-1909,07-1909
241080,02-1907,05-1907
241080,02-1975,02-1975
241080,11-1892,12-1892
241080,08-1976,08-1976
241080,01-1863,04-1864
241080,02-1857,03-1857
241080,10-1910,01-1911
241080,09-1940,10-1940
241080,10-1924,11-1924
241080,01-1885,01-1887
241080,10-1917,11-1917
241080,09-1914,10-1914
241080,01-1924,01-1924
241080,11-1925,12-1925
241080,12-1926,12-1926
241080,04-1870,08-1870
241080,04-1926,06-1926
241080,02-1931,05-1931
241100,08-1987,08-1987
241100,10-1984,12-1984
241100,05-1985,06-1985
241100,03-1895,03-1895
241100,07-1989,09-1989
241100,12-1988,03-1989
241100,09-1970,09-1970
241100,09-1976,11-1976
241100,11-1985,11-1985
241100,06-1969,06-1969
241100,01-1995,11-1995
241100,06-1950,06-1950
241100,04-1971,11-1971
241100,10-1975,10-1975
241100,04-1968,06-1968
241100,02-1986,02-1986
241100,04-1975,04-1975
241100,10-1997,10-1997
241100,03-1988,05-1988
241100,10-1973,10-1974
241100,10-1972,01-1973
241100,03-1945,12-1945
241100,04-1946,06-1946
241100,11-1946,05-1947
241100,03-1976,03-1976
241100,06-1996,09-1996
241100,07-1977,01-1979
241100,11-1956,11-1956
241100,06-1979,07-1979
241100,12-1934,02-1935
241100,09-2007,09-2007
241100,10-2006,10-2006
241100,06-1990,09-1990
241100,10-1980,11-1980
241100,01-1980,03-1980
241100,10-1981,04-1982
241100,07-1991,07-1991
241100,04-1966,09-1966
241100,01-1990,01-1990
241100,05-1959,08-1959
241100,02-1992,03-1992
241100,07-1967,10-1967
241100,05-1936,05-1936
241130,07-1958,07-1962
241130,10-1973,10-1973
241130,01-1963,12-1966
241130,06-1986,08-1986
242005,07-2012,07-2012
242030,11-1964,04-1965
242030,06-1870,10-1870
242030,03-2006,03-2006
242050,05-1982,05-1982
242050,12-2006,11-2007
242050,05-2011,05-2011
242050,05-2002,05-2002
242050,04-1997,04-1997
242050,06-1986,06-1986
242050,10-2014,11-2014
242050,06-1999,06-1999
242050,11-2002,11-2002
242050,04-2003,09-2004
242050,04-1977,04-1977
242050,01-1980,01-1980
242050,02-1978,07-1978
242050,01-2014,01-2014
242050,12-1997,02-1998
242050,08-2012,08-2012
242050,10-1977,10-1977
242050,05-1990,03-1991
242050,05-2009,12-2009
242050,09-1988,09-1988
242050,02-1979,04-1979
242050,03-2005,06-2006
242050,02-2008,02-2008
242050,09-1996,09-1996
242050,11-1995,11-1995
243030,01-2017,01-2017
243030,01-1999,01-1999
243040,12-2014,01-2015
243040,12-2021,01-2022
243040,06-1988,06-1988
243040,03-2009,03-2009
243050,10-1927,09-1928
243050,10-1885,01-1886
243060,03-2004,10-2014
243060,12-1958,07-1960
243060,10-2015,12-2024
243060,01-1906,02-1906
243070,05-1979,07-1979
243070,12-1967,01-1968
243070,10-2019,10-2019
243070,06-1995,06-1995
243080,08-2006,08-2006
243080,10-2023,10-2023
243080,06-2024,07-2024
243080,03-1984,03-1984
243080,09-2022,10-2022
243080,12-2024,12-2024
243091,08-2019,08-2019
243091,09-2001,09-2001
243100,06-1846,10-1846
243102,07-1973,07-1973
243110,09-1946,09-1946
243110,06-1853,06-1853
243110,09-1943,10-1943
243110,08-1886,09-1886
243110,07-1929,07-1929
243110,12-1935,02-1936
243120,11-2008,11-2008
243130,11-2008,05-2009
244000,07-1973,07-1973
244000,01-1995,01-1995
244010,09-1866,11-1866
244040,08-1905,11-1911
244040,10-1902,11-1902
250010,06-1953,01-1957
250030,01-1972,01-1972
251002,01-2018,05-2023
251010,04-1960,07-1960
251010,04-1959,10-1959
251010,03-1958,04-1958
251010,08-1954,01-1957
251010,09-1958,09-1958
251010,10-1957,10-1957
251010,04-1909,09-1909
251020,03-1926,03-1928
251020,11-1963,04-1964
251020,07-1965,01-1966
251020,05-1954,06-1954
251020,09-1936,01-1939
251020,10-1904,10-1904
251020,12-1920,03-1921
251020,04-1953,08-1953
251020,10-1877,11-1877
251020,06-2000,06-2000
251020,12-1956,08-1958
251020,10-2004,12-2009
251020,01-1932,01-1934
251020,06-1887,01-1895
251020,01-2002,05-2002
251020,10-2003,03-2004
251020,06-2014,01-2018
251020,06-1959,07-1959
251020,05-2003,05-2003
251020,08-2010,12-2013
251020,12-1946,09-1947
251020,01-1909,01-1914
251020,07-1961,09-1961
251020,05-2018,12-2024
251020,06-2001,06-2001
251020,02-1963,05-1963
251020,12-1959,12-1960
251020,03-1974,11-1999
251030,12-1974,06-1975
251030,06-1895,08-1895
251030,01-1979,08-1979
251030,02-1974,08-1974
251050,04-1973,02-1974
251050,11-1993,11-1993
251050,06-1955,06-1955
251050,03-1968,06-1968
251050,05-1953,01-1954
251070,10-1972,10-1972
251070,10-2006,10-2006
251070,05-2007,05-2007
251070,02-1887,02-1887
251070,03-1888,03-1888
251070,10-1974,10-1974
252010,10-2015,12-2024
252010,12-1960,09-1961
252010,03-1956,03-1956
252010,08-2006,07-2008
252010,03-1962,08-1963
252010,04-1958,06-1958
252010,02-1973,10-2000
252010,01-1967,06-1968
252010,05-1970,09-1970
252010,12-2012,12-2012
252010,01-1971,07-1972
252010,01-2004,01-2004
252010,05-2002,04-2003
252010,11-2004,12-2004
252010,09-1969,09-1969
252010,05-1954,11-1954
252010,09-2009,02-2010
252010,06-1955,06-1955
252010,04-2005,03-2006
252010,02-1955,02-1955
252010,12-1964,09-1966
252070,07-2008,10-2008
252070,10-2005,11-2005
252070,03-2008,03-2008
252080,05-2012,07-2012
252080,08-2007,08-2007
252080,08-2002,03-2003
252080,07-1933,08-1933
252080,01-1911,05-1918
252120,07-1960,11-1962
252120,08-2001,08-2001
252120,04-2003,10-2003
252120,10-1999,10-1999
252120,08-2002,11-2002
252120,06-2017,11-2017
252120,10-1973,10-1973
252120,11-1985,11-1985
252120,01-1993,01-1993
252120,01-1970,02-1970
252120,11-1983,03-1984
252120,09-2018,10-2018
252120,03-2005,08-2005
252120,01-1967,12-1967
252120,09-2000,11-2000
252120,04-1994,06-1994
252120,04-2004,04-2004
252120,05-1978,05-1978
252120,08-1984,09-1984
252120,01-2001,05-2001
252120,03-1963,05-1963
252120,12-1984,01-1985
252120,10-1980,10-1980
252120,01-1989,12-1989
252120,06-2019,10-2019
252120,06-2018,06-2018
252120,03-2006,01-2007
252120,07-2021,11-2021
252120,06-2022,06-2022
252120,05-2010,05-2011
252120,01-1941,01-1941
252120,05-2012,05-2012
252120,11-2012,12-2012
252120,07-2023,12-2023
252120,07-2013,12-2013
252120,10-2016,11-2016
252120,05-2007,05-2007
252120,03-2023,03-2023
252120,07-1927,09-1927
252130,08-1904,10-1905
252130,01-1911,01-1912
252140,06-1941,03-1942
252140,09-1994,04-1995
252140,01-2013,03-2014
252140,11-1995,09-2001
252140,02-1940,05-1940
252140,10-2002,02-2004
252140,11-1943,12-1943
252140,03-2011,08-2011
252140,01-2005,02-2006
252140,07-2014,09-2014
252140,08-2006,01-2010
252140,07-2010,07-2010
252140,05-1937,06-1937
252140,01-1878,02-1878
253010,01-1951,07-1956
253030,01-1890,01-1935
253040,09-1943,08-1944
255020,12-1948,12-1951
255020,03-1966,11-1967
255020,01-1894,01-1895
255020,01-1945,01-1947
255020,06-1953,09-1953
255020,08-1968,08-1968
255020,04-1964,07-1965
255020,05-1970,08-1971
255020,01-1865,01-1883
255020,02-1952,10-1952
255020,07-1959,05-1960
255020,02-1962,07-1963
255020,02-2000,11-2024
255020,07-1972,07-1995
255060,10-1969,02-1970
255060,04-1952,01-1953
255060,12-1985,02-1986
255060,07-1977,07-1977
255060,03-1966,03-1966
255060,06-1978,07-1978
255060,05-1991,09-1991
255060,10-1980,02-1981
255060,11-1999,08-2003
255060,01-1997,01-1997
255060,07-1986,07-1986
255060,04-1982,06-1982
255060,02-1999,05-1999
255060,01-2014,01-2014
255060,11-1974,12-1974
255060,12-1965,12-1965
255060,08-1976,10-1976
255060,12-1963,01-1964
255060,11-1958,12-1958
255060,04-2007,04-2007
255060,01-1962,02-1962
255070,01-1835,01-1847
256010,06-1984,06-1985
256010,10-2017,10-2017
256010,10-1951,11-1951
256010,08-1989,02-1990
256010,09-2008,11-2008
256010,09-1971,12-1971
256010,02-2000,05-2001
256010,12-2018,12-2024
256010,02-2006,11-2007
256010,11-1965,06-1966
257010,08-1965,07-1966
257020,09-2011,10-2011
257020,09-2009,06-2010
257020,11-2021,11-2021
257020,04-1977,04-1977
257020,09-1965,09-1965
257020,10-1973,01-1974
257020,05-2022,05-2022
257020,07-1981,07-1981
257020,05-1971,05-1971
257020,04-1982,04-1982
257020,09-1963,11-1963
257020,07-1968,12-1968
257030,09-2017,10-2018
257030,11-2005,02-2006
257030,06-2011,07-2011
257030,06-2024,06-2024
257030,03-1995,03-1995
257030,12-2023,12-2023
257030,02-2023,05-2023
257030,12-2021,08-2022
257040,08-1977,09-1977
257040,03-1937,04-1937
257040,12-1950,11-1951
257040,02-1971,11-1971
257040,01-1979,02-1979
257040,08-1957,10-1957
257040,10-1894,02-1895
257040,08-1963,09-1963
257040,04-1972,08-1972
257040,02-1964,09-1966
257040,01-1863,01-1864
257040,06-1979,09-1979
257040,01-1977,01-1977
257040,02-1888,04-1888
257040,10-1913,01-1914
257040,11-1986,11-1986
257040,05-1953,10-1953
257040,04-1989,12-1989
257040,05-2008,12-2018
257040,06-1996,08-2005
257040,07-1967,08-1970
257040,01-2024,01-2024
257040,02-1988,08-1988
257040,01-2022,02-2022
257040,07-1984,03-1986
257040,09-1990,07-1991
257040,08-1952,12-1952
257040,02-1981,09-1981
257040,08-1961,04-1963
257040,04-1973,10-1976
257040,09-1935,01-1936
257040,11-2006,12-2007
257040,10-2024,11-2024
257040,05-1980,08-1980
257040,06-1929,07-1929
257050,01-1974,10-1974
257050,01-1883,01-1884
257050,07-1963,07-1965
257050,04-1980,08-1980
257050,06-1922,07-1922
257050,10-1892,01-1893
257050,07-1979,09-1979
257050,04-2007,05-2007
257050,05-1976,09-1976
257050,07-1998,04-2000
257050,06-2001,06-2001
257050,10-1982,10-1982
257050,07-1962,07-1962
257050,11-1978,03-1979
257050,03-1975,06-1975
257050,07-1960,09-1960
257050,06-1898,07-1898
257050,01-2005,03-2005
257050,05-1970,08-1972
257050,10-2005,08-2006
257050,09-2004,09-2004
257050,01-1967,03-1969
257050,06-2003,06-2003
257060,09-1958,11-1958
257060,02-2004,02-2004
257060,01-2023,02-2023
257060,03-2002,03-2002
257060,02-1953,02-1953
257070,09-1959,09-1959
257070,02-1971,02-1971
257070,01-1923,01-1925
257070,10-1958,12-1958
257070,05-1897,01-1901
257070,09-1948,09-1948
257070,02-1974,09-1974
257070,10-1952,10-1952
257070,10-1949,12-1949
258001,02-1996,02-1996
260010,05-2005,12-2007
260010,12-1994,06-1995
260010,04-1991,10-1991
260010,03-2015,05-2016
260010,05-2008,04-2010
260010,01-2017,03-2017
260010,11-1803,01-1804
260010,12-2022,08-2023
260010,03-2024,05-2024
260010,02-2013,02-2013
260010,09-2018,01-2022
260010,10-2013,06-2014
260010,09-2010,06-2011
261020,01-1839,01-1839
261030,01-1918,01-1921
261030,03-1999,04-1999
261030,12-2000,12-2000
261030,04-1998,04-1998
261050,01-1839,01-1839
261080,02-2019,06-2019
261080,08-2010,09-2010
261080,09-2013,06-2018
261080,08-2020,09-2021
261120,05-1917,05-1917
261120,07-1986,07-1986
261120,01-1893,01-1893
261140,04-1930,12-1930
261140,06-1958,06-1958
261140,06-1883,08-1883
261140,04-2001,06-2001
261140,08-2004,08-2004
261140,09-2012,09-2012
261140,02-1888,03-1888
261140,02-2014,02-2014
261140,11-1984,11-1984
261140,04-2018,05-2018
261140,02-1927,08-1927
261140,10-1958,10-1958
261140,01-1833,01-1834
261140,06-1913,07-1913
261140,04-1999,09-1999
261140,03-1889,04-1889
261140,10-1855,01-1856
261140,04-1967,07-1967
261140,01-1987,08-1994
261140,12-1883,12-1883
261140,03-2000,04-2000
261140,03-2012,05-2012
261140,03-1982,05-1982
261140,04-1949,04-1949
261140,12-2023,12-2024
261140,12-1982,12-1982
261140,07-1822,07-1822
261140,08-2011,10-2011
261140,09-1950,06-1952
261140,06-2017,06-2017
261140,02-1919,03-1919
261140,12-1907,09-1908
261140,08-1876,06-1877
261140,11-2015,11-2015
261140,03-1918,03-1918
261140,06-1929,06-1929
261140,03-1966,06-1966
261140,08-1918,08-1918
261140,04-1904,04-1904
261140,01-2023,03-2023
261140,06-1917,09-1917
261140,05-1916,07-1916
261140,08-1954,12-1957
261140,01-1975,09-1979
261140,11-1845,11-1845
261140,03-1886,05-1886
261140,07-1970,08-1971
261140,10-1949,10-1949
261140,07-1973,07-1973
261150,04-1924,04-1924
261150,02-1889,12-1889
261160,11-2007,12-2007
261160,03-2007,06-2007
261160,09-1968,10-1968
261160,01-1968,01-1968
261160,10-1967,10-1967
261160,09-2001,11-2001
261160,09-2006,09-2006
261160,04-2005,07-2005
261170,07-1998,07-1998
261170,10-2022,02-2023
261170,02-1968,03-1968
261170,06-2013,06-2013
261170,03-1887,03-1887
261170,04-2009,06-2009
261170,05-2001,08-2002
261170,06-2004,10-2004
261170,08-1996,10-1996
261170,09-2007,09-2007
261170,06-1966,06-1966
261170,03-1999,09-1999
261170,09-1923,09-1923
261170,01-1938,03-1938
261170,07-1964,07-1964
261170,05-1921,06-1921
261170,07-1969,07-1970
261170,05-2024,05-2024
261170,11-2016,11-2016
261170,01-1952,06-1952
261170,03-2016,06-2016
261170,10-1908,01-1909
261170,08-1936,08-1936
261170,08-2017,08-2017
261170,04-1936,04-1936
261170,12-2011,12-2011
261170,04-2018,06-2021
261180,05-1921,06-1921
261180,06-1909,07-1909
261220,08-2000,08-2000
261220,01-1873,11-1892
261220,03-1956,03-1956
261220,11-1833,11-1833
261220,04-1952,04-1952
261220,11-1939,03-1941
261220,10-1868,01-1869
261220,03-1950,04-1951
261230,06-1884,07-1884
261230,10-1994,10-1994
261230,11-2024,11-2024
261230,12-1881,12-1881
261230,05-2024,05-2024
261230,04-1926,04-1926
261230,01-2009,01-2009
261230,09-2006,09-2006
261230,04-1921,04-1921
261230,05-1923,05-1923
261230,01-1973,01-1973
261230,07-2023,08-2023
261230,11-2017,11-2017
261230,07-1939,07-1939
261230,12-1939,02-1940
261230,06-1900,06-1900
261230,07-1895,09-1895
261230,11-1936,11-1936
261230,10-1900,10-1900
261230,02-1908,02-1908
261230,05-2022,05-2022
261230,02-1964,02-1964
261230,01-1934,04-1934
261230,02-1974,10-1974
261270,07-1933,08-1933
261270,05-2024,05-2024
262000,05-2000,10-2000
262000,10-2010,09-2012
262000,10-1936,11-1936
262000,03-1975,10-1975
262000,03-1997,05-1997
262000,07-1978,11-1978
262000,01-1941,02-1941
262000,07-1950,07-1950
262000,10-2007,08-2008
262000,02-1999,08-1999
262000,10-2013,10-2013
262000,07-1996,10-1996
262000,08-1937,11-1937
262000,05-1883,10-1883
262000,07-1938,07-1940
262000,07-2001,09-2001
262000,03-2009,09-2009
262000,09-1931,02-1932
262000,02-1988,04-1988
262000,07-1979,11-1979
262000,09-1953,11-1953
262000,03-1980,12-1980
262000,04-1981,10-1981
262000,12-1946,08-1947
262000,12-1959,07-1963
262000,02-2017,02-2017
262000,03-1953,05-1953
262000,06-2018,04-2020
262000,05-2021,12-2023
262000,03-2013,03-2013
262000,12-1927,08-1930
262000,03-2014,03-2014
262000,01-1942,01-1942
262000,03-1994,06-1995
262000,01-1935,07-1935
262000,11-1992,10-1993
262000,10-1958,06-1959
262000,06-1972,07-1973
262000,11-1932,06-1934
262000,10-1952,10-1952
262000,07-1946,07-1946
263040,10-1936,10-1936
263050,01-1902,01-1903
263060,04-1956,04-1956
263060,01-1845,03-1845
263060,11-1948,02-1949
263060,03-1957,03-1957
263060,10-1847,10-1847
263060,09-1947,01-1948
263060,06-1886,08-1886
263060,08-1870,10-1870
263060,11-1840,12-1840
263060,05-1899,05-1899
263060,05-1909,05-1909
263060,10-1887,10-1887
263060,03-1853,03-1853
263060,08-1832,08-1832
263060,05-1852,05-1852
263090,02-1965,03-1965
263090,04-1829,04-1829
263090,01-1957,01-1957
263090,07-1952,07-1952
263090,02-2013,03-2013
263090,07-1967,07-1967
263090,10-1826,10-1826
263090,10-1965,10-1965
263090,07-1969,10-1969
263090,03-1926,07-1926
263090,05-1896,05-1896
263090,04-1910,05-1910
263090,07-2019,09-2019
263090,07-1961,08-1961
263090,10-2013,10-2013
263090,05-1929,05-1929
263100,03-1923,03-1925
263100,11-2002,12-2002
263100,08-1942,08-1942
263130,11-1843,11-1843
263130,05-1828,07-1828
263130,04-1803,04-1803
263130,06-1825,06-1825
263130,10-1847,10-1847
263130,01-1843,01-1843
263130,12-1834,01-1835
263130,10-1818,10-1818
263130,11-1841,11-1841
263130,08-1832,08-1832
263130,05-1840,05-1840
263130,09-1807,09-1807
263140,10-1894,12-1894
263140,01-1984,01-1984
263140,07-1918,07-1918
263140,04-1982,01-1983
263140,10-1822,12-1822
263170,06-1937,01-1938
263170,03-1951,03-1951
263180,11-1955,12-1955
263180,09-1958,11-1958
263180,11-1926,11-1926
263180,02-1927,02-1927
263180,04-1958,05-1958
263180,03-2014,09-2014
263180,07-1988,07-1988
263180,03-1928,05-1928
263180,05-1875,06-1875
263180,06-1929,06-1929
263180,11-1875,12-1875
263180,04-1930,04-1930
263180,08-1953,10-1953
263180,12-1960,01-1961
263180,09-1835,09-1835
263180,07-1932,09-1932
263180,05-1933,05-1933
263180,04-2009,06-2009
263180,06-1951,01-1952
263180,11-1948,12-1948
263180,05-1944,10-1944
263180,10-1943,01-1944
263180,03-1940,04-1940
263180,12-1939,12-1939
263180,07-1904,08-1904
263180,06-1923,06-1923
263180,02-1957,02-1957
263180,03-1860,04-1860
263180,05-1999,09-1999
263180,03-1885,03-1885
263180,08-1890,08-1890
263180,06-1969,08-1969
263180,05-1967,07-1967
263180,03-1939,07-1939
263200,04-2021,04-2021
263200,12-1964,12-1964
263200,01-2009,01-2009
263200,02-1979,02-1979
263200,03-1953,03-1953
263200,12-1954,12-1954
263200,07-2003,07-2003
263200,01-1993,01-1993
263200,04-2017,07-2017
263200,04-2018,04-2018
263200,06-1956,06-1956
263200,09-2009,09-2009
263200,10-1826,10-1826
263200,10-1939,10-1939
263200,08-1986,08-1986
263200,12-1883,03-1884
263200,12-1996,12-1996
263210,05-1902,05-1902
263210,10-1971,11-1971
263210,04-1882,04-1882
263210,10-1903,10-1903
263210,11-1887,11-1887
263210,09-1906,12-1906
263250,10-1865,08-1871
263250,02-1885,01-1887
263250,02-1902,02-1902
263250,01-1906,02-1907
263250,05-1942,05-1945
263250,09-1948,12-1948
263250,03-2011,09-2011
263250,04-1961,11-1961
263250,08-1888,12-1888
263250,12-1939,09-1940
263250,10-2010,11-2010
263250,01-1967,07-1970
263250,08-1891,01-1892
263250,12-1902,06-1904
263250,05-2018,06-2020
263250,09-1849,09-1849
263250,10-1986,08-1990
263250,04-1849,04-1849
263250,01-1812,01-1822
263250,01-1905,06-1905
263250,10-1972,03-1985
263250,01-1894,02-1894
263250,03-2006,08-2007
263250,09-1846,10-1847
263250,12-2020,12-2024
263250,05-1862,01-1864
263250,03-1953,12-1958
263250,01-1883,11-1884
263250,12-1822,04-1823
263250,11-1872,01-1873
263250,01-1992,10-2002
263250,11-1930,09-1931
263250,12-1828,12-1828
263250,11-2013,11-2013
263250,07-2013,07-2013
263250,09-1924,09-1924
263250,02-1922,08-1922
263250,10-1933,04-1935
263250,03-1915,05-1915
263250,08-1837,06-1838
263250,01-1878,06-1879
263250,02-1909,05-1913
263250,04-1872,04-1872
263250,12-1832,01-1836
263250,03-2014,04-2014
263250,07-1920,02-1921
263260,11-1885,11-1885
263280,02-1990,03-1990
263280,05-1919,05-1919
263280,08-1951,08-1951
263280,01-1864,01-1864
263280,12-1967,12-1967
263280,02-2014,02-2014
263280,02-1967,02-1967
263280,10-2007,04-2008
263280,04-1966,04-1966
263280,12-1920,12-1920
263280,05-1848,05-1848
263280,05-1901,05-1901
263280,10-1826,10-1826
263300,01-1907,01-1907
263300,11-1911,12-1911
263300,12-1893,02-1894
263300,11-1910,02-1911
263300,08-1836,08-1836
263300,10-2013,10-2013
263300,06-2017,12-2024
263300,01-1908,12-1908
263300,09-1909,03-1910
263300,01-1889,05-1891
263300,04-2014,01-2017
263300,05-1895,10-1895
263300,08-1857,09-1857
263300,09-1941,02-1942
263300,05-2011,07-2012
263300,01-1886,08-1886
263300,05-1896,06-1896
263300,08-1887,10-1887
263300,01-1897,01-1897
263300,01-1904,01-1904
263300,01-1842,03-1842
263300,04-1860,06-1860
263300,03-1903,06-1903
263300,12-1830,12-1830
263300,01-1901,01-1901
263300,10-1872,10-1872
263300,03-1900,04-1900
263300,01-1899,03-1899
263300,09-1844,09-1844
263300,02-1887,03-1887
263300,10-1946,06-1947
263300,03-1892,04-1892
263300,01-2010,11-2010
263300,07-1950,12-1964
263300,04-1867,05-1867
263300,01-1845,07-1845
263300,06-1913,06-1913
263300,07-1838,10-1838
263300,02-1946,05-1946
263300,01-1893,05-1893
263300,06-1945,06-1945
263300,02-1888,10-1888
263300,12-1884,09-1885
263300,08-1967,03-2009
263310,12-1983,12-1983
263310,12-1867,01-1868
263310,12-1865,12-1865
263310,12-1830,12-1830
263310,12-2020,12-2020
263310,11-1886,01-1887
263310,01-1859,03-1859
263310,02-1922,06-1922
263310,11-2000,01-2001
263310,10-1885,01-1886
263310,05-1890,09-1890
263310,11-2015,11-2016
263310,04-1815,04-1815
263310,06-1980,09-1980
263310,11-1829,11-1829
263310,04-1865,05-1865
263310,01-1893,03-1893
263310,11-1915,06-1916
263310,05-1984,05-1984
263310,03-1995,05-1995
263310,01-1972,03-1972
263310,12-1822,01-1823
263310,06-2004,06-2004
263310,06-1921,10-1921
263310,06-1860,06-1860
263310,01-1909,01-1909
263310,04-1886,04-1886
263310,12-1955,12-1955
263310,02-2019,07-2019
263310,12-2023,12-2023
263310,09-1995,12-1995
263310,02-1948,04-1948
263310,09-1906,05-1907
263310,05-1930,07-1930
263310,11-1825,11-1825
263310,11-2010,06-2011
263310,08-1929,09-1929
263310,03-1928,07-1928
263310,01-1910,01-1910
263310,12-1907,02-1908
263310,06-1956,07-1956
263310,01-1842,06-1842
263310,06-1939,07-1939
263310,05-1950,08-1950
263310,04-1940,07-1940
263320,09-1888,10-1888
263320,01-1884,06-1884
263320,07-1838,07-1838
263320,06-1864,07-1864
263320,03-1890,05-1890
263320,05-1874,08-1874
263320,09-1891,10-1891
263320,03-1847,06-1847
263320,04-1877,05-1877
263320,02-1859,03-1859
263320,07-1841,08-1842
263320,09-1889,11-1889
263320,03-1870,03-1870
263320,08-1872,09-1872
263320,09-1896,09-1896
263320,07-1887,07-1887
263320,11-1887,02-1888
263320,09-1890,01-1891
263320,02-1898,02-1898
263320,04-1869,05-1869
263320,06-1849,09-1849
263320,01-1824,01-1824
263320,03-1856,06-1856
263320,08-1870,02-1871
263320,12-1821,01-1822
263320,03-1885,10-1886
263320,04-1883,05-1883
263320,08-1843,09-1844
263320,01-1829,02-1829
263320,02-1830,03-1830
263340,08-1936,12-1936
263340,06-1977,06-1977
263340,07-1890,09-1890
263340,06-1976,11-1976
263340,06-2002,08-2002
263340,03-1995,03-1995
263340,06-1885,06-1885
263340,11-1916,12-1916
263340,07-2000,07-2000
263340,07-1864,12-1864
263340,08-1985,02-1986
263340,10-2012,01-2013
263340,06-1944,04-1945
263340,03-1943,06-1943
263340,10-1937,11-1937
263340,08-1938,01-1939
263340,12-2024,12-2024
263340,07-1982,07-1982
263340,09-1991,11-1991
263340,01-1978,12-1979
263340,07-2020,10-2020
263340,01-2021,04-2021
263340,01-1990,12-1990
263340,11-2014,08-2015
263340,02-1902,02-1902
263340,07-2007,08-2007
263340,05-1913,12-1913
263340,05-1987,07-1989
263340,01-1812,01-1814
263340,08-1927,03-1928
263340,11-1903,01-1904
263340,01-1817,02-1817
263340,02-1921,04-1921
263340,06-2008,06-2008
263340,01-1955,01-1955
263340,09-1971,09-1971
263340,07-1994,07-1994
263340,02-1956,03-1956
263340,01-1953,04-1953
263340,03-1975,05-1975
263340,11-1933,12-1933
263340,05-1973,10-1973
263340,06-1974,07-1974
263340,05-2022,09-2022
263340,06-2013,07-2013
263350,06-1999,06-1999
263350,02-1994,02-1994
263350,04-1952,04-1952
263350,01-1817,02-1817
263350,02-1917,03-1917
263350,11-1936,11-1936
263350,07-1993,08-1993
264010,08-1994,08-1994
264010,09-1963,05-1964
264010,01-1925,01-1925
264010,01-1972,03-1972
264010,08-1965,12-1965
264010,08-1926,09-1926
264010,03-1924,03-1924
264010,03-1971,08-1971
264010,01-1921,04-1921
264010,01-1970,01-1970
264010,03-1999,06-2000
264010,03-1974,04-1974
264010,01-1968,02-1968
264010,05-1888,05-1888
264020,02-1963,01-1964
264020,11-2017,06-2019
264030,12-1944,01-1945
264030,08-2016,09-2016
264030,01-1949,07-1950
264030,06-1901,06-1901
264030,03-1966,08-1966
264030,11-1909,12-1909
264030,11-1900,12-1900
264030,09-1846,09-1846
264030,10-2004,10-2004
264030,05-2009,05-2010
264030,10-2015,12-2015
264030,08-1884,08-1884
264030,06-1994,11-1994
264040,01-1812,07-1815
264050,03-1953,05-1953
264050,09-1860,10-1860
264050,05-2014,11-2015
264050,01-1964,12-1965
264050,02-2022,02-2022
264050,02-2017,06-2020
264050,02-1966,11-1966
264050,07-1985,02-1988
264050,07-1997,07-1999
264050,02-1911,03-1911
264071,12-1987,04-1989
264090,01-2001,03-2001
264090,11-1905,11-1905
264100,05-1938,06-1938
264110,01-1969,01-1969
264110,09-1953,09-1953
264140,05-1938,06-1938
264140,06-1968,07-1968
264150,05-1984,05-1984
264150,02-1985,02-1985
264150,12-1963,03-1966
264150,11-1980,09-1981
264150,10-1972,01-1973
264150,10-2012,10-2013
264150,08-1928,09-1928
264150,10-1973,10-1973
264160,04-2008,04-2008
264160,01-2004,02-2004
264160,07-2004,09-2004
264160,02-2005,02-2005
264180,05-1932,12-1933
264180,12-2023,12-2024
264180,05-1991,12-1992
264180,01-1990,06-1990
264180,09-1907,10-1907
264180,12-1939,04-1940
264180,07-1869,07-1869
264180,05-2003,09-2003
264180,01-1921,12-1921
264180,05-1861,05-1861
264180,03-1999,07-1999
264180,12-1935,12-1935
264180,11-1968,02-1969
264180,10-2002,10-2002
264180,01-1909,05-1910
264200,06-2003,07-2003
264220,05-1986,11-1986
264220,03-1950,08-1950
264220,05-1983,04-1984
264220,05-1991,06-1991
264220,06-1993,07-1993
264220,04-1973,04-1974
264220,11-1991,11-1991
264220,08-1944,10-1944
264220,11-1982,11-1982
264220,09-1885,10-1885
264220,10-1987,10-1987
264230,10-1852,10-1852
264230,01-2012,01-2012
264230,11-2020,08-2024
264250,11-2021,11-2021
264250,08-2013,08-2013
264250,09-1993,09-1993
264250,12-1973,08-1974
264250,09-1950,10-1950
264250,11-1951,11-1951
264250,04-1948,11-1948
264250,04-1949,04-1949
264250,08-1983,08-1983
264250,05-1999,09-1999
264260,01-2007,11-2015
264260,01-1847,08-1852
264270,11-1965,11-1965
264270,05-2012,05-2012
264270,02-1964,10-1964
264270,06-1934,07-1934
264270,07-2021,07-2021
264270,05-1965,05-1965
264270,04-1947,05-1947
264270,07-2015,07-2015
265040,06-1892,06-1892
265060,03-1964,03-1964
265060,05-1968,06-1968
265070,08-1844,09-1844
265090,05-1988,05-1988
265090,06-1820,08-1820
265090,04-1824,06-1824
265090,01-1825,01-1831
265090,11-1890,11-1890
265090,10-1816,12-1816
266010,05-1898,01-1900
266010,07-1983,12-1983
266030,10-2004,12-2004
266030,11-1911,04-1912
266030,07-2011,08-2011
266030,05-2000,09-2003
266030,04-1915,06-1915
266030,01-1973,05-1973
266030,10-2018,12-2018
266030,04-1913,07-1913
266030,04-1989,04-1989
266030,01-2015,03-2015
266030,08-2012,09-2012
266030,05-1966,11-1967
266030,04-2005,07-2005
266030,01-2016,02-2016
266030,12-2005,01-2006
266030,07-1968,08-1968
266030,06-1908,06-1909
266030,06-2007,11-2007
266030,06-2008,11-2008
266030,05-1971,05-1971
266030,08-1947,08-1947
266030,02-1970,05-1970
266030,06-1907,06-1907
266030,03-2020,04-2020
266030,05-1991,09-1996
266030,06-1906,09-1906
266030,12-2006,12-2006
266030,11-1923,01-1924
266030,05-1985,05-1985
266030,05-1984,08-1984
266030,08-1982,11-1982
266100,03-1893,08-1894
266100,02-1958,12-1959
266100,12-2002,04-2003
266100,04-1988,05-1988
266100,04-1962,11-1962
266100,02-2002,05-2002
266100,08-2015,09-2015
266100,12-1963,04-1964
266100,09-1973,12-1974
266100,05-2015,05-2015
266100,07-1965,07-1965
266100,06-2011,05-2012
266100,02-2011,02-2011
266100,07-1951,03-1953
266100,11-1969,12-1970
266100,05-1961,12-1961
266100,11-1975,07-1980
266100,05-1971,10-1971
266100,05-2000,08-2001
266100,09-2003,09-2003
266100,09-2012,09-2013
266100,03-1986,05-1987
266100,05-1991,01-1992
266100,09-1966,09-1966
266110,07-1958,07-1958
266130,01-1843,01-1846
267010,04-1836,04-1836
267010,05-1914,02-1915
267010,09-2002,09-2002
267010,08-1870,08-1870
267010,01-1949,01-1949
267010,04-2024,05-2024
267010,03-1871,03-1871
267010,04-1904,05-1905
267020,08-1883,08-1883
267020,10-1996,06-1997
267020,10-1941,10-1941
267020,02-2023,09-2023
267020,10-2021,01-2022
267020,12-1947,12-1947
267020,05-1887,05-1887
267020,10-1961,10-1961
267020,02-1947,02-1947
267020,05-2012,09-2013
267020,01-1962,12-1963
267020,11-1995,12-1995
267020,02-2014,02-2014
267020,03-2011,08-2011
267020,11-1970,03-1971
267020,04-2004,08-2005
267020,02-2018,02-2018
267020,11-2018,01-2021
267020,09-1976,09-1977
267020,07-2006,10-2007
267020,02-1952,06-1952
267020,08-2010,12-2010
267020,06-1940,08-1940
267020,04-1965,06-1967
267020,07-1989,07-1989
267020,03-1940,03-1940
267020,03-1921,06-1921
267020,02-1978,12-1978
267020,02-1930,02-1930
267020,11-2008,03-2010
267020,05-1905,05-1905
267020,05-1979,05-1979
267020,03-1980,09-1980
267020,05-1983,12-1988
267020,07-2018,07-2018
267020,11-1967,12-1967
267020,03-1999,10-2003
267020,01-1972,04-1976
267020,04-1886,06-1886
267020,05-1922,12-1922
267020,07-1991,12-1993
267020,06-2014,03-2016
267020,02-1961,04-1961
267030,09-1889,09-1889
267030,04-1904,04-1904
267030,04-1835,04-1835
267030,07-1895,12-1895
267030,07-1918,12-1919
267040,08-1812,08-1812
267040,03-1913,03-1913
267040,06-1892,06-1892
267040,02-1921,10-1921
267040,08-1875,08-1875
267040,06-1922,09-1922
267040,12-1930,12-1931
267040,08-1966,10-1966
267040,03-1856,03-1856
267040,06-2004,08-2004
267040,08-1883,08-1883
268010,08-1933,12-2024
268030,05-2004,02-2005
268030,12-1998,09-1999
268030,04-2008,12-2024
268030,08-1911,09-1911
268030,05-2001,10-2001
268040,10-1917,10-1917
268040,03-1981,07-1981
268040,07-2007,07-2007
268040,04-1987,04-1987
268040,07-1952,09-1952
268060,09-2012,09-2012
268060,08-2016,08-2016
268060,09-1897,09-1897
268060,02-1811,05-1811
268060,11-1868,02-1869
268060,01-1864,02-1864
268060,05-1898,05-1898
268060,05-1846,05-1846
268060,12-2011,12-2011
268060,08-1918,09-1918
268060,08-1871,09-1871
268060,10-1842,12-1842
268060,12-2014,12-2014
268060,01-1839,03-1839
268060,04-1923,05-1923
268060,08-1983,08-1983
268060,12-1864,01-1865
268060,11-1932,11-1932
268060,11-1907,11-1907
268060,11-1814,11-1814
268060,02-1840,09-1840
268060,01-1994,10-1994
268060,04-1990,04-1990
268060,02-1838,05-1838
268060,07-2003,10-2003
268060,05-1831,06-1831
268060,12-1895,12-1895
268060,03-1868,03-1868
268060,09-1980,09-1980
268060,02-1847,02-1847
268060,04-1843,05-1843
268060,12-1962,01-1963
268060,05-1884,05-1884
268060,09-1911,09-1911
268060,09-1812,09-1812
268060,10-2018,10-2018
268060,11-1849,11-1850
268060,09-1938,09-1938
268060,02-1988,03-1988
268060,07-2015,09-2015
268060,07-1862,10-1862
268060,09-1847,09-1847
268060,05-1993,05-1993
268070,07-1988,08-1988
268070,12-1861,10-1862
268070,10-1864,10-1864
268070,06-1890,06-1890
268070,08-1863,08-1863
271060,01-1840,04-1840
271060,01-1873,04-1873
271080,09-1948,07-1953
271080,04-1871,01-1875
272020,11-2015,06-2016
272020,03-1987,07-1987
272020,01-2005,05-2005
272020,06-1992,06-1992
272020,12-1932,01-1933
272020,06-1970,08-1970
272020,03-1985,03-1985
272020,06-2006,07-2006
272020,02-1991,02-1991
272020,10-1985,12-1985
272020,11-1905,01-1906
272020,06-2024,06-2024
272020,10-1969,10-1969
272020,06-1988,07-1988
272020,01-1992,01-1992
272020,06-1986,08-1986
272020,05-1894,06-1894
272020,12-2017,12-2017
272020,06-1978,09-1978
272020,03-2003,07-2003
272020,08-1996,08-1996
272020,10-1989,12-1989
272020,10-2024,12-2024
272020,08-1993,09-1993
272020,11-2002,11-2002
273010,02-2016,02-2016
273010,07-1978,08-1978
273010,06-2022,06-2022
273010,03-2006,06-2006
273010,06-2016,12-2016
273010,05-2015,07-2015
273010,06-2017,06-2017
273010,04-1981,04-1981
273010,11-2010,05-2011
273010,11-1994,01-1995
273010,02-1988,03-1988
273010,12-1979,09-1980
273010,10-1918,05-1922
273010,01-1916,01-1916
273010,10-2006,10-2007
273010,06-1983,06-1983
273030,07-1895,11-1895
273030,12-1871,01-1872
273030,01-1834,05-1835
273030,08-2008,08-2008
273030,01-1947,02-1947
273030,01-1928,08-1928
273030,04-2023,02-2024
273030,08-2014,10-2014
273030,07-1853,08-1853
273030,05-1897,07-1897
273030,05-1851,06-1851
273030,01-1845,01-1845
273030,02-1814,02-1814
273030,03-1900,03-1900
273030,06-1827,02-1828
273030,09-2009,01-2010
273030,06-2022,10-2022
273030,05-2024,07-2024
273030,05-1846,05-1846
273030,02-1993,04-1993
273030,04-1968,05-1968
273030,08-1896,09-1896
273030,11-1876,11-1876
273030,07-1881,08-1882
273030,01-1858,12-1858
273030,02-2006,02-2006
273030,06-2004,09-2004
273030,07-2006,10-2006
273030,05-2013,05-2013
273030,03-1978,09-1978
273030,07-1886,03-1887
273030,07-2000,08-2000
273030,10-1891,02-1892
273030,01-2018,10-2019
273030,06-1873,07-1873
273030,11-1885,12-1885
273030,01-2001,08-2001
273030,09-1984,10-1984
273030,10-2002,10-2002
273030,09-1872,09-1872
273030,06-1999,03-2000
273030,03-2003,05-2003
273030,10-1893,10-1893
273030,09-1890,09-1890
273030,10-1800,10-1800
273070,10-1969,12-1969
273070,04-2024,12-2024
273070,11-2021,04-2022
273070,10-1977,11-1977
273070,01-1968,04-1968
273070,09-1965,09-1965
273070,09-1976,10-1976
273070,01-2020,01-2020
273070,01-1911,02-1911
273070,02-1808,04-1808
273070,07-1966,08-1966
273070,11-1970,11-1970
273070,04-1904,07-1904
273070,07-2021,07-2021
273070,10-2022,10-2022
273070,08-1967,08-1967
273070,11-1878,11-1878
273083,02-1993,07-1993
273083,04-1991,09-1991
273083,11-2021,11-2021
273083,07-1992,10-1992
274020,09-1856,10-1860
274020,03-1952,07-1953
274020,03-1969,06-1969
274020,01-1978,01-1978
274030,05-1918,05-1918
275001,06-1933,07-1933
275060,03-1923,05-1923
281031,10-1853,11-1853
282020,02-1868,04-1868
282020,03-1855,05-1855
282020,06-1959,07-1959
282020,12-1829,12-1829
282020,07-1968,07-1968
282020,03-1903,08-1903
282030,02-2000,02-2000
282030,01-1988,12-1989
282030,01-1813,01-1814
282030,01-1885,05-1885
282030,10-1889,10-1889
282030,03-1938,03-1938
282030,11-1956,05-1984
282030,01-1999,02-1999
282030,10-2004,12-2024
282030,12-1996,04-1997
282030,12-1921,01-1922
282030,06-1999,06-1999
282030,10-1984,10-1984
282030,04-1990,07-1996
282030,10-1949,07-1954
282030,09-1985,06-1987
282030,12-2000,07-2004
282050,09-1980,09-1980
282050,04-1976,04-1976
282050,05-1841,08-1841
282050,06-1974,06-1974
282050,09-1972,09-1972
282050,11-1966,11-1966
282050,10-2018,02-2019
282050,05-2015,06-2015
282050,11-1945,11-1945
282050,12-1933,01-1934
282050,08-2020,08-2020
282050,01-2020,05-2020
282050,11-1973,11-1973
282050,04-1931,06-1931
282050,12-1968,03-1969
282050,08-2014,08-2014
282060,10-2000,12-2001
282060,06-2013,06-2013
282060,11-2019,11-2019
282060,02-2003,10-2003
282060,04-1998,08-1999
282060,09-1934,08-1935
282060,04-2020,04-2020
282060,01-2000,03-2000
282060,01-1988,01-1988
282060,09-2024,10-2024
282060,10-2020,10-2020
282060,03-2004,10-2004
282060,05-2002,07-2002
282080,01-1914,05-1915
282080,10-1939,11-1939
282080,04-1940,07-1940
282080,09-1935,09-1935
282080,03-2017,12-2024
282080,07-1948,07-1948
282080,02-1938,03-1938
282080,07-1942,07-1942
282080,10-1955,08-2016
282080,04-1941,08-1941
282080,06-1950,09-1950
282080,01-1946,11-1946
282090,11-1913,01-1914
282090,08-1903,11-1903
282090,07-1899,02-1900
282090,08-2008,08-2008
282090,02-1894,02-1894
282090,02-1898,03-1898
282090,12-1898,12-1898
282090,02-1959,02-1959
282090,03-2010,07-2010
282090,07-1895,06-1896
282090,10-2017,10-2017
282090,01-2011,09-2011
282090,07-1923,07-1923
282090,12-1889,12-1889
282090,08-1971,08-1971
282090,11-1891,11-1891
282090,03-2018,06-2018
282090,02-1888,05-1888
282090,05-1897,09-1897
282090,12-1991,04-1992
282100,11-1990,02-1995
282100,02-1996,05-1996
282110,02-2008,02-2008
282110,09-1960,11-1962
282110,05-2011,06-2011
282110,05-1954,05-1954
282110,06-1932,09-1933
282110,05-1964,05-1964
282110,04-1919,05-1919
282110,01-1960,04-1960
282110,10-1964,12-1966
282110,10-1826,11-1826
282110,04-1992,06-1993
282110,03-1884,06-1884
282110,10-1975,01-1976
282110,07-1959,10-1959
282110,04-1946,06-1946
282110,04-1989,02-1991
282110,04-1957,04-1957
282110,09-1945,09-1945
282110,04-1963,07-1963
282110,04-1984,06-1985
282110,02-1815,10-1815
282110,07-1955,07-1955
282110,01-2014,02-2014
282110,12-1946,12-1946
282110,11-1963,01-1964
282110,09-1926,01-1928
282110,12-1956,12-1956
282110,06-1981,06-1981
282110,01-1956,01-1956
282110,12-1943,02-1944
282110,04-1977,08-1978
282110,06-1943,06-1943
282110,02-1830,03-1830
282110,12-1872,06-1873
282110,09-1980,09-1980
282110,04-1940,08-1941
282110,01-1908,01-1908
282110,11-1950,01-1951
282110,04-2019,06-2020
282110,05-1937,05-1937
282110,04-1970,09-1972
282110,04-2005,08-2005
282110,04-1948,12-1948
282110,05-1967,12-1969
282110,01-1935,10-1935
282110,05-1947,09-1947
282110,10-1957,12-1958
282110,04-1953,07-1953
282110,10-2016,11-2016
282110,01-1973,06-1975
282110,01-2004,01-2004
282110,01-1923,09-1923
282110,03-1894,08-1894
282110,01-1938,08-1939
282110,07-1983,10-1983
282110,08-1830,08-1832
282110,10-2021,10-2021
282110,08-2014,05-2016
282110,02-1936,02-1936
282110,05-1994,11-1995
282110,05-1951,08-1951
282110,05-1988,01-1989
282110,08-1898,04-1899
282110,08-1936,08-1936
282110,03-1856,06-1856
282110,06-1806,10-1806
282110,06-1979,03-1980
282110,11-1827,01-1828
282110,09-1930,09-1930
282110,06-1816,07-1816
282110,12-1949,04-1950
282110,07-2003,07-2003
282110,01-1937,01-1937
282110,09-1928,10-1929
282110,12-1953,12-1953
282110,01-1911,01-1912
282120,10-1995,03-1996
283010,07-1989,07-1989
283020,06-2015,07-2015
283040,10-1979,04-1980
283040,09-2014,10-2014
283040,05-1991,05-1991
283070,02-1915,02-1915
283070,03-1931,06-1931
283070,05-1911,08-1911
283070,06-1915,07-1915
283070,09-1913,01-1914
283070,03-1922,03-1922
283070,12-1907,06-1909
283070,06-1939,06-1939
283070,11-1910,11-1910
283070,11-1919,11-1919
283070,02-1995,02-1995
283070,09-1935,11-1935
283070,01-1927,04-1927
283070,06-1962,06-1963
283070,03-1916,04-1916
283070,04-1929,04-1929
283070,12-1927,12-1927
283070,02-1932,02-1932
283070,02-1912,09-1912
283070,03-1930,05-1930
283070,06-1923,08-1923
283070,11-1924,01-1926
283090,11-1852,05-1853
283090,04-1983,04-1983
283090,07-1974,07-1974
283090,03-1962,03-1962
283090,04-1989,04-1989
283090,02-1949,09-1949
283090,07-1963,09-1963
283090,10-1997,12-1997
283110,03-1931,09-1932
283110,06-2015,06-2015
283110,05-1916,10-1916
283110,08-1902,08-1902
283110,06-1934,06-1934
283110,03-1949,10-1949
283110,09-1950,06-1951
283110,05-1917,07-1917
283110,02-1908,02-1908
283110,01-1929,04-1929
283110,03-1919,08-1919
283110,01-1934,02-1934
283110,10-1891,11-1891
283110,11-1934,07-1937
283110,02-1902,02-1902
283110,08-1907,08-1907
283110,01-1933,08-1933
283110,12-1953,08-1955
283110,08-1961,11-1961
283110,11-1803,11-1803
283110,03-1938,12-1942
283110,01-1907,03-1907
283110,02-1973,05-1973
283110,10-1982,10-1982
283110,06-1947,08-1947
283110,01-1944,11-1945
283110,07-1899,08-1899
283110,02-2003,04-2003
283110,04-1982,04-1982
283110,05-1965,05-1965
283110,08-2019,08-2019
283110,08-2008,08-2008
283110,08-1904,08-1904
283110,09-1879,09-1879
283110,07-1990,07-1990
283110,08-1908,09-1908
283110,10-1958,08-1959
283110,01-1900,10-1901
283110,09-2004,12-2004
283110,04-1906,04-1906
283110,11-1914,12-1914
283110,04-1983,04-1983
283110,09-1924,09-1924
283110,03-1927,07-1928
283110,05-1869,10-1869
283110,01-1909,06-1914
283110,04-1894,06-1894
283110,04-1930,10-1930
283110,06-1952,06-1952
283110,01-2009,05-2009
283110,05-1915,08-1915
283110,10-1946,10-1946
283110,12-1920,04-1922
283110,09-1929,11-1929
283120,10-1932,11-1932
283120,03-1976,03-1976
283120,12-1927,12-1927
283120,01-1941,01-1941
283120,07-1983,12-1983
283120,10-1905,10-1905
283120,10-1900,10-1900
283120,04-1940,09-1940
283120,01-1925,01-1925
283120,10-1982,12-1982
283120,11-1937,02-1938
283120,08-1882,08-1882
283120,07-1897,08-1897
283120,07-1938,10-1938
283120,01-2018,01-2018
283120,07-1902,09-1902
283120,02-1939,08-1939
283140,07-1952,09-1952
283150,10-1953,10-1953
283150,11-1963,11-1963
283160,07-1888,07-1888
283170,08-1899,11-1899
283170,09-1996,09-1996
283170,07-1900,07-1900
283180,12-1977,12-1977
283180,02-1950,02-1950
283180,05-1893,07-1893
283180,03-1895,09-1895
283180,03-1894,04-1894
283180,11-1893,11-1893
283190,05-1940,05-1940
283190,02-1895,03-1895
283190,08-1895,09-1895
283190,03-1896,03-1896
283190,06-1809,12-1809
283190,01-1821,05-1821
283190,08-1873,09-1873
283190,07-1894,07-1894
283210,11-1944,12-1944
283220,12-1800,07-1804
283220,03-1974,04-1974
283220,07-1834,07-1834
283230,12-1890,01-1891
283230,07-1932,07-1932
283230,09-1970,01-1971
283240,07-1919,07-1919
283260,08-1949,09-1949
283260,08-1997,08-1997
283260,05-1997,05-1997
284010,04-1958,06-1958
284010,12-1876,02-1877
284010,10-1933,11-1933
284010,02-1939,02-1939
284010,11-1986,12-1986
284010,04-1935,05-1935
284010,10-1959,11-1960
284010,09-1939,09-1939
284010,10-1915,10-1915
284010,07-1950,06-1951
284010,02-1974,06-1974
284010,01-1970,01-1970
284010,04-1971,04-1971
284010,10-1990,10-1990
284010,04-1934,04-1934
284010,11-1987,01-1988
284010,01-1962,05-1965
284010,01-1956,01-1956
284010,08-1938,08-1938
284010,01-1822,01-1824
284010,10-1953,02-1954
284010,08-1957,12-1957
284010,06-1970,11-1970
284010,12-1922,01-1923
284010,09-1803,11-1803
284010,08-1928,08-1928
284010,01-1968,01-1968
284010,07-1968,07-1968
284010,05-1914,05-1914
284010,01-1969,07-1969
284010,08-1940,08-1940
284010,05-1967,08-1967
284010,01-1959,01-1959
284010,05-1919,12-1919
284010,07-1937,08-1937
284010,11-1965,06-1966
284010,02-1912,01-1913
284040,02-2006,02-2006
284040,05-2008,05-2008
284040,08-1962,08-1962
284040,01-1811,01-1811
284040,04-2009,04-2009
284040,04-2005,05-2005
284040,11-2004,12-2004
284040,07-1940,08-1940
284040,01-2001,11-2002
284040,07-1874,07-1874
284040,06-2000,09-2000
284040,10-1983,10-1983
284040,08-2006,08-2006
284040,01-2008,01-2008
284040,04-2010,07-2010
284070,11-1954,11-1954
284070,02-1915,07-1915
284070,04-1906,04-1906
284070,09-1952,10-1953
284070,01-1970,06-1970
284090,08-1939,12-1939
284090,11-1965,12-1965
284090,08-2002,08-2002
284090,08-1902,08-1902
284096,08-2021,08-2021
284096,11-2013,11-2015
284096,12-2019,08-2020
284096,04-1973,05-1974
284096,04-2017,08-2017
284096,07-2018,07-2018
284096,10-2022,10-2023
284100,03-1984,03-1984
284100,08-2022,01-2023
284110,01-1930,01-1945
284110,01-1880,01-1889
284110,03-2022,03-2022
284120,11-1982,12-1982
284120,03-1957,03-1957
284120,08-2016,09-2016
284120,03-1980,03-1980
284120,08-2021,11-2021
284120,08-2015,08-2015
284120,10-2023,03-2024
284120,07-2022,12-2022
284120,09-1999,09-1999
284120,12-1978,12-1978
284120,12-1967,12-1967
284120,12-2012,04-2013
284120,12-2020,04-2021
284120,01-1969,01-1969
284120,09-2001,10-2001
284120,12-1969,12-1969
284120,02-2012,07-2012
284120,03-1982,03-1982
284120,08-1994,08-1994
284121,07-1953,07-1954
284130,02-2010,04-2010
284130,01-1914,08-1914
284130,12-1973,02-1974
284130,11-1992,09-1993
284130,07-1987,08-1987
284130,12-1974,11-1975
284130,01-1986,03-1986
284130,11-1904,05-1905
284130,08-2021,09-2021
284130,07-2005,07-2005
284133,07-1951,10-1951
284133,09-1973,03-1974
284140,10-1952,04-1953
284140,09-1932,10-1932
284140,01-1876,01-1876
284141,03-1967,04-1967
284141,04-2001,04-2001
284141,09-1989,12-1989
284141,11-2022,06-2023
284141,08-1985,09-1985
284141,08-2024,12-2024
284141,03-1969,03-1969
284141,01-2024,03-2024
284141,04-2014,05-2014
284170,07-2021,09-2021
284170,05-2010,08-2010
284170,05-1981,05-1985
284170,08-1988,10-1988
284170,12-2006,12-2006
284170,04-2011,09-2011
284170,09-1987,09-1987
284170,02-1923,03-1923
284170,01-1993,11-1993
284170,04-1992,04-1992
284170,02-1925,05-1925
284170,07-2012,07-2012
284193,05-2010,05-2010
284200,04-2004,09-2005
284200,05-2003,07-2003
284200,03-2006,06-2006
284200,11-2007,08-2008
284202,04-1966,05-1966
284202,09-2023,09-2023
284202,10-1995,10-1995
284211,07-2003,03-2010
284305,02-2013,12-2015
285020,02-1923,03-1923
285020,11-1942,11-1942
285020,10-1998,10-1998
285020,06-1919,07-1919
285020,06-1929,09-1929
285020,03-1996,03-1996
285020,03-1937,03-1937
285020,09-2000,11-2000
285020,08-1905,09-1905
285030,07-1910,11-1910
285030,06-1944,09-1945
285030,03-1822,09-1822
285030,08-1977,03-1982
285030,04-1853,09-1853
285030,03-2000,09-2001
285040,04-1936,04-1936
285040,08-1894,08-1894
285040,01-1951,01-1951
285040,01-1804,01-1817
285040,10-1931,10-1931
285040,02-1923,08-1923
285040,09-1953,09-1953
285040,07-1951,07-1951
285040,09-1928,02-1929
285040,07-1944,07-1944
285040,01-1928,01-1928
285040,02-1981,02-1981
285040,07-1921,07-1921
285040,09-1887,10-1887
285040,01-1885,03-1885
285040,11-1936,11-1936
285040,10-1926,10-1926
285040,06-1918,07-1918
285040,05-1954,05-1954
285040,04-1917,05-1917
285040,11-1954,02-1955
285040,01-1909,04-1909
285040,12-1978,05-1979
285040,12-1933,12-1933
285040,04-1886,04-1886
285040,05-1919,05-1919
285040,02-1894,02-1894
285040,10-1883,11-1883
285040,05-1978,05-1978
285040,02-1874,02-1874
285040,07-1920,07-1920
285050,06-1962,09-1962
285050,06-1985,06-1985
285050,10-1958,10-1958
285050,12-1928,12-1928
285050,05-1931,05-1931
285050,11-1925,09-1927
285050,08-1959,11-1959
285050,12-1988,05-1989
285050,06-1956,06-1956
285050,09-1954,09-1954
285050,08-1961,08-1961
285050,01-1928,05-1928
285050,02-2004,04-2004
285061,12-1898,12-1898
285070,05-1984,05-1984
285070,11-1998,11-1998
285070,11-1955,11-1955
285070,02-1957,09-1957
285070,11-1996,11-1996
285070,05-1965,05-1965
285070,01-1988,02-1988
285070,01-1954,04-1954
285070,03-2006,03-2006
285070,09-1960,09-1960
285070,06-1966,06-1966
285070,11-2008,11-2008
285070,03-1956,10-1956
285070,05-1959,10-1959
285070,04-1962,04-1962
285070,06-1964,07-1964
285070,02-1958,02-1958
285090,09-1876,09-1876
285090,12-1935,10-1936
285090,01-1857,01-1858
285090,08-1889,10-1889
290030,06-1981,06-1981
290030,07-1973,07-1973
290070,02-1968,02-1968
290070,02-2013,04-2013
290070,05-1989,08-1989
290070,01-1973,01-1973
290070,08-2012,08-2012
290070,05-1973,05-1973
290100,10-1999,10-1999
290100,05-1883,06-1883
290120,07-1973,07-1973
290120,02-1970,03-1970
290120,01-1845,01-1846
290120,07-1894,07-1894
290150,05-1879,06-1879
290150,11-2012,10-2016
290160,04-1972,04-1972
290161,06-1914,06-1914
290180,11-1957,12-1957
290200,07-1843,01-1846
290240,02-1930,02-1930
290240,12-1965,12-1965
290240,08-1960,08-1960
290240,02-2020,11-2021
290240,01-1989,01-1989
290240,05-2019,10-2019
290240,11-1946,11-1946
290240,06-2009,07-2009
290240,01-1923,01-1923
290240,09-2018,10-2018
290240,09-1976,10-1976
290240,10-2017,11-2017
290240,08-1954,10-1954
290250,06-2019,07-2019
290250,02-1924,02-1924
290260,04-1979,10-1980
290260,10-1986,10-1986
290260,06-2013,06-2014
290260,10-2022,10-2022
290260,11-2016,04-2017
290260,08-2021,08-2021
290260,11-2014,08-2015
290260,07-2004,07-2004
290270,06-2010,08-2010
290290,01-1872,01-1878
290300,01-1933,04-1933
290310,11-1952,11-1952
290360,08-1973,09-1973
290360,12-1853,01-1859
290360,01-2002,04-2002
290360,05-1958,05-1958
290360,01-2023,02-2023
290360,02-1964,02-1964
290360,03-2021,08-2021
290360,05-1961,08-1961
290360,08-2007,11-2007
290360,03-2007,04-2007
290360,03-2016,03-2016
290360,07-2016,08-2016
290360,09-1967,09-1967
290360,04-2003,07-2003
290360,11-1986,12-1986
290360,03-2005,04-2005
290360,02-2015,02-2015
290360,01-2022,10-2022
290360,07-2008,08-2008
290380,02-1969,02-1969
290380,03-1963,07-1964
290380,10-2016,11-2021
290380,10-1987,01-1988
290380,07-2010,07-2010
290380,01-1967,04-1967
290380,01-2005,02-2005
290380,02-1989,04-1990
290380,01-1991,01-1991
290380,06-2022,12-2024
290380,10-1934,10-1935
290380,02-2009,07-2009
290380,08-1965,08-1965
290390,08-2018,08-2018
290390,07-1860,07-1860
290390,05-1986,05-1986
290390,09-2022,11-2022
290390,11-1933,08-1934
290390,03-1982,03-1982
290390,10-2012,12-2012
290390,06-1972,09-1972
290390,04-1981,06-1981
290390,09-2015,08-2016
300010,03-2017,04-2017
300040,02-1923,04-1923
300060,12-1853,03-1854
300060,12-1960,01-1961
300060,06-2000,06-2000
300060,01-1928,02-1928
300060,04-1904,06-1904
300060,01-1927,02-1927
300060,03-2000,03-2000
300060,04-1898,07-1898
300070,08-1984,09-1986
300070,05-1931,07-1931
300070,09-1930,01-1931
300070,09-1929,04-1930
300070,06-1980,07-1981
300070,06-2010,06-2010
300090,12-1926,12-1926
300090,12-1956,06-1957
300090,12-2008,08-2009
300100,07-1901,07-1901
300100,06-1827,06-1827
300100,05-1855,09-1855
300100,12-1853,03-1854
300100,11-1851,02-1852
300100,02-1945,02-1945
300100,01-1991,01-1991
300100,03-1938,12-1938
300100,10-1894,02-1895
300100,10-2001,10-2001
300100,03-1926,03-1927
300120,11-2015,03-2016
300120,11-2016,11-2016
300120,10-2013,10-2013
300120,12-1956,06-1957
300120,06-2014,08-2015
300120,01-1940,02-1940
300125,01-1996,01-1996
300130,01-1996,12-2000
300130,09-1933,10-1933
300130,09-1946,10-1946
300130,11-2001,04-2016
300130,03-1956,02-1957
300130,05-1965,02-1967
300130,10-2016,10-2016
300130,11-1967,11-1967
300130,04-2020,08-2022
300130,11-1934,02-1935
300130,05-1970,10-1982
300130,02-2019,09-2019
300130,06-2017,09-2018
300130,04-2018,09-2018
300130,06-2024,12-2024
300130,04-1960,12-1964
300140,09-1945,04-1946
300140,04-1852,07-1852
300230,12-1927,01-1928
300230,11-2010,09-2013
300240,10-1967,11-1967
300240,01-1970,04-1970
300240,09-1956,11-1957
300240,08-1936,03-1937
300240,07-1968,07-1969
300240,09-1970,12-1970
300240,11-2012,09-2013
300240,03-1967,05-1967
300240,10-1955,12-1955
300240,01-1955,02-1955
300240,02-1954,06-1954
300240,03-1931,01-1932
300240,03-1961,02-1962
300240,06-1975,12-1976
300240,03-1964,04-1964
300240,09-1939,09-1939
300240,02-1940,04-1940
300240,08-1962,07-1963
300240,11-1940,07-1941
300240,07-1959,07-1960
300250,03-2000,03-2000
300250,07-2003,08-2003
300250,10-1959,11-1959
300250,07-1957,07-1957
300250,10-1962,11-1962
300250,04-1980,04-1980
300250,03-2022,08-2024
300250,08-1989,08-1989
300250,04-2006,12-2006
300250,07-1996,09-1996
300250,01-1990,11-1991
300250,12-1997,12-1997
300250,09-1995,10-1995
300250,07-2000,11-2000
300250,10-1961,12-1961
300250,06-1998,06-1998
300250,06-1981,05-1983
300250,12-2001,01-2002
300250,12-2009,02-2010
300250,01-2004,02-2005
300250,04-1960,04-1960
300250,05-1963,09-1963
300250,07-2008,08-2008
300250,03-1992,06-1992
300250,01-1958,02-1958
300250,03-1986,06-1986
300250,02-1984,12-1984
300250,03-1965,03-1970
300250,07-1994,10-1994
300250,03-1961,03-1961
300250,06-1985,12-1985
300250,12-1964,12-1964
300250,12-2002,12-2002
300250,05-1961,06-1961
300250,12-2016,02-2021
300250,05-2010,04-2011
300250,10-1955,03-1957
300250,02-2012,06-2013
300250,10-1993,02-1994
300250,07-2001,08-2001
300250,05-1997,05-1997
300250,06-1964,09-1964
300250,12-1958,03-1959
300250,02-1999,02-1999
300250,08-1980,08-1980
300250,11-2005,12-2005
300250,12-1986,07-1988
300250,05-2007,12-2007
300250,03-1971,12-1974
300260,08-1931,09-1931
300260,03-1931,03-1931
300260,03-1926,04-1926
300260,09-1992,09-1993
300260,09-1994,01-1995
300260,01-1932,12-1932
300260,01-2015,05-2015
300260,04-1925,10-1925
300260,08-2013,12-2013
300260,06-1929,09-1929
300260,08-1923,09-1923
300260,08-2015,07-2018
300260,11-1996,03-1997
300260,03-1984,01-1985
300260,04-1974,12-1974
300260,08-1985,01-1986
300260,12-1944,01-1945
300260,11-2022,11-2022
300260,04-2019,03-2021
300260,06-1945,07-1945
300260,01-1981,08-1981
300260,09-1969,12-1969
300260,10-1946,11-1946
300260,01-1956,08-1956
300260,10-1982,06-1983
300260,05-1954,09-1954
300260,02-2000,02-2000
300260,11-2002,04-2004
300260,01-2005,04-2005
300260,12-1896,11-1897
300260,10-2008,04-2009
300260,04-2002,06-2002
300260,06-1953,06-1953
300260,09-2004,09-2004
300260,08-2009,12-2010
300260,11-1951,11-1951
300260,03-1982,05-1982
300260,11-1986,09-1990
300260,11-1963,12-1964
300260,01-1819,01-1822
300260,07-1968,07-1968
300260,03-2011,07-2011
300260,01-1904,06-1904
300260,06-1986,07-1986
300260,06-1971,07-1971
300260,01-1992,05-1992
300260,07-2000,09-2000
300260,09-2012,01-2013
300260,04-1937,03-1939
300260,07-1883,08-1883
300260,06-2023,12-2023
300260,10-1853,02-1854
300260,02-1852,03-1852
300260,02-2007,07-2007
300260,04-1935,11-1936
300260,09-1997,09-1997
300260,05-1970,12-1970
300260,07-1998,09-1998
300260,11-1971,12-1973
300260,05-1958,08-1958
300260,02-1999,07-1999
300260,08-1965,12-1966
300260,08-1977,03-1980
300260,04-1991,06-1991
300260,12-1960,03-1963
300270,01-1897,01-1898
300270,03-1984,09-1984
300270,08-1980,12-1981
300270,08-1999,12-2024
300270,12-1988,12-1988
300270,04-1989,06-1989
300270,01-1928,04-1929
300270,11-1964,11-1964
300270,05-1985,10-1985
300270,03-1997,04-1997
300270,01-1990,02-1995
300270,05-1998,09-1998
300270,04-1999,04-1999
300270,03-1986,02-1988
300270,11-1944,04-1950
300270,01-1879,01-1883
311020,09-1969,09-1969
311020,06-1990,06-1990
311050,01-1828,01-1830
311060,02-2021,05-2023
311060,07-2019,08-2019
311060,12-2019,06-2020
311060,09-2018,10-2018
311070,08-1980,09-1980
311070,04-1929,01-1930
311070,07-1950,07-1951
311070,01-1982,01-1982
311110,02-2012,02-2012
311110,06-1995,06-1995
311110,12-2023,12-2023
311110,01-1994,11-1994
311120,06-2018,08-2018
311120,06-2019,06-2019
311120,11-1950,11-1950
311120,05-2021,12-2024
311120,02-1974,09-1974
311120,12-1949,01-1950
311130,08-2008,08-2008
311160,03-1987,03-1987
311160,03-2024,03-2024
311160,05-1998,07-1998
311160,02-2005,05-2005
311160,11-2006,03-2007
311180,03-1977,03-1977
311180,05-1993,08-1993
311180,12-1992,12-1992
311190,09-1996,09-1996
311210,11-1937,11-1937
311240,06-2020,06-2020
311240,02-2006,10-2006
311240,06-2007,08-2008
311240,04-2016,01-2019
311240,10-2009,12-2009
311240,07-2011,08-2015
311240,06-1987,08-1987
311240,05-1997,05-1997
311240,04-1986,05-1986
311240,05-1994,05-1994
311240,03-2005,11-2005
311240,07-1984,07-1984
311240,02-2001,04-2001
311240,10-1994,10-1994
311240,06-1944,06-1944
311240,01-2009,01-2009
311240,06-2009,06-2009
311240,05-2010,06-2010
311290,03-1931,05-1931
311290,02-1997,05-1997
311290,07-2008,08-2008
311290,03-1981,03-1981
311290,07-1983,07-1983
311290,10-1960,04-1961
311290,03-1817,01-1820
311290,11-1986,02-1988
311290,06-1945,12-1945
311290,08-1958,08-1958
311290,01-1824,01-1830
311300,07-1926,01-1928
311300,03-1906,09-1907
311300,09-1883,01-1895
311300,07-1992,07-1992
311300,01-1806,01-1823
311300,12-2016,08-2017
311300,09-1909,09-1910
311310,08-1993,01-1994
311310,03-1987,03-1987
311310,01-1995,01-1995
311320,01-1987,06-1987
311320,08-1895,08-1895
311320,03-1986,06-1986
311320,03-1973,05-1973
311320,10-1976,05-1977
311320,03-1992,05-1992
311320,07-1980,07-1980
311320,01-1927,01-1928
311320,02-1989,03-1989
311320,04-1948,08-1948
311320,10-1982,05-1983
311320,09-1990,10-1990
311320,12-1946,01-1947
311320,03-1988,07-1988
311320,05-1931,08-1931
311320,01-1990,01-1990
311320,09-1978,10-1978
311320,09-1991,10-1991
311340,11-1991,01-1992
311340,01-1827,01-1830
311340,03-1964,04-1964
311340,02-1978,02-1978
311350,10-1826,01-1827
311360,11-1998,11-1998
311360,07-2023,11-2023
311360,02-1932,05-1932
311360,02-2004,07-2004
311360,08-1946,01-1947
311360,07-2019,05-2020
311360,06-1997,06-1997
311360,12-1995,05-1996
311360,03-1986,02-1987
311360,11-1830,03-1831
311360,03-1999,05-1999
311360,04-1951,10-1951
311360,01-2014,07-2015
311360,09-1975,10-1975
311360,01-1827,01-1829
311360,01-1976,09-1976
311360,09-1993,10-1993
311360,05-1929,06-1929
311360,02-1978,02-1978
312030,01-1936,05-1948
312030,03-2016,07-2016
312030,07-1960,06-1963
312030,03-1981,05-1981
312030,08-2007,09-2007
312030,05-1958,08-1958
312030,07-1983,07-1983
312030,05-2014,06-2014
312030,03-1929,08-1931
312030,12-1922,02-1923
312030,11-2014,11-2014
312030,08-2021,12-2022
312030,08-1846,08-1846
312030,11-1973,11-1973
312030,09-1974,01-1975
312030,09-1981,09-1981
312030,10-1951,02-1952
312030,05-2013,06-2013
312030,11-1953,08-1954
312030,07-1950,05-1951
312030,11-1980,11-1980
312030,04-1986,08-1988
312030,01-1906,12-1911
312030,03-1974,03-1974
312030,03-1990,03-1990
312030,09-1975,03-1977
312030,09-1996,01-1997
312030,11-1983,12-1983
312070,06-1983,04-1984
312070,09-2002,03-2003
312070,11-1984,12-1984
312070,08-1892,08-1892
312070,03-2006,09-2006
312070,01-2005,02-2005
312070,03-1987,03-1987
312070,02-2008,03-2008
312070,07-1993,09-1994
312070,09-2018,12-2018
312070,03-1956,05-1956
312070,02-2021,04-2021
312070,09-2005,11-2005
312070,11-1995,11-1995
312070,06-2013,10-2013
312070,05-1939,06-1939
312070,04-1995,04-1995
312070,02-2004,09-2004
312070,08-1838,04-1839
312090,05-1931,06-1931
312110,08-1998,08-1998
312110,07-1971,07-1971
312131,03-1977,04-1977
312160,10-1963,11-1963
312160,07-1957,08-1960
312160,04-1963,04-1963
312160,09-1956,09-1956
312160,09-1967,02-1968
312160,02-1953,10-1954
312160,07-1950,08-1950
312160,11-1968,11-1968
312160,06-1962,06-1962
312170,06-1912,07-1912
312180,06-1912,10-1912
312260,09-2006,09-2006
313010,10-1971,10-1971
313010,03-1935,08-1935
313010,03-1986,08-1986
313010,10-1963,08-1964
313010,12-2005,04-2006
313010,01-1976,05-1977
313010,10-1883,01-1884
313030,12-1989,06-1990
313030,03-2009,07-2009
313030,12-1967,04-1968
313030,10-1966,01-1967
313030,01-1966,02-1966
313040,07-1953,07-1953
313040,06-1992,09-1992
315020,04-1911,09-1912
321010,11-1859,04-1860
321010,09-1880,11-1880
321010,12-1852,01-1853
321050,03-1850,05-1850
321050,03-1847,03-1847
321050,11-1842,09-1845
321050,10-2004,01-2008
321050,03-1853,08-1853
321050,12-1989,01-1990
321050,03-1980,10-1986
321050,11-1990,02-1991
321050,02-1854,04-1854
322010,08-1859,08-1859
322010,09-1865,01-1866
323080,05-1914,06-1917
331020,06-1993,07-1993
331021,04-2015,05-2015
331021,01-1998,02-1998
331021,04-2011,04-2011
331031,02-1996,03-1996
332000,02-1996,08-1996
332010,02-1823,12-1894
332010,01-1896,01-1896
332010,02-1905,04-1906
332010,07-1896,09-1896
332010,11-1903,01-1904
332010,06-1897,06-1897
332010,02-1902,02-1902
332010,12-1906,02-1924
332010,06-1902,03-1903
332010,12-2024,12-2024
332010,02-1961,03-1961
332010,01-1983,09-2018
332010,09-1982,09-1982
332010,04-1982,05-1982
332010,03-1980,03-1980
332010,11-1979,11-1979
332010,09-1977,10-1977
332010,05-1924,07-1924
332010,11-1975,11-1975
332010,06-1952,11-1952
332010,02-1929,02-1929
332010,07-1929,07-1929
332010,05-1954,06-1954
332010,02-1955,05-1955
332010,02-1969,09-1974
332010,11-1967,10-1968
332010,12-1974,12-1974
332010,07-1927,07-1927
332010,11-1959,02-1960
332010,07-1961,09-1961
332010,08-1963,10-1963
332010,12-1931,01-1932
332010,06-2024,06-2024
332010,09-1934,10-1934
332010,09-2024,09-2024
332010,11-1930,12-1930
332010,12-2020,05-2021
332010,03-1965,03-1965
332010,12-1965,12-1965
332010,09-2021,09-2023
332010,12-1962,12-1962
332020,12-1933,12-1933
332020,04-1940,08-1940
332020,03-1879,03-1879
332020,05-1880,05-1880
332020,02-1877,02-1877
332020,11-1935,01-1936
332020,08-1875,08-1875
332020,08-1871,08-1871
332020,04-1873,10-1874
332020,01-1859,11-1859
332020,01-1873,01-1873
332020,04-1942,05-1942
332020,08-1872,09-1872
332020,02-1876,02-1876
332020,01-1875,02-1875
332020,01-1949,05-1949
332020,08-1855,11-1856
332020,05-1916,05-1916
332020,07-1899,07-1899
332020,11-2022,12-2022
332020,09-1919,11-1919
332020,09-1903,12-1903
332020,04-1896,05-1896
332020,06-1832,07-1832
332020,11-1914,01-1915
332020,11-1892,12-1892
332020,01-1843,04-1843
332020,07-1975,07-1975
332020,08-1851,08-1851
332020,02-1852,03-1852
332020,06-1950,06-1950
332020,03-1868,04-1868
332020,01-1887,01-1887
332020,04-1926,04-1926
332020,01-1907,01-1907
332020,03-1984,04-1984
332020,11-1880,08-1881
332020,12-1865,04-1866
332040,01-1800,01-1801
333010,03-1982,05-1982
333010,01-1985,01-1985
333010,07-1983,07-1983
333010,12-1983,07-1984
333020,07-1972,07-1972
333020,03-1966,03-1966
333030,04-1969,04-1969
333030,06-1970,06-1970
333060,03-1983,05-1983
333060,12-1977,12-1977
333060,10-1983,01-1984
333060,05-1986,08-1986
333060,11-1980,02-1981
333060,09-1979,09-1979
333060,05-1967,05-1967
333060,06-1987,01-1989
333060,02-1980,02-1980
333060,03-1982,06-1982
334040,05-2003,10-2003
334050,12-1991,02-1992
334050,08-2005,01-2006
334100,07-1964,07-1969
341020,08-1952,02-1953
341021,01-1993,02-1994
341021,05-1951,05-1951
341030,02-1870,01-1875
341040,07-1985,01-1986
341040,05-2019,07-2019
341040,07-1987,07-1987
341040,01-1882,01-1884
341040,12-1880,04-1881
341040,08-1889,02-1890
341040,12-1885,10-1886
341040,12-1977,06-1982
341040,02-1903,10-1903
341040,01-1913,01-1913
341040,05-1957,07-1960
341040,01-1926,01-1931
341040,12-1879,04-1880
341040,01-1904,01-1906
341040,07-1961,12-1962
341040,02-1818,02-1818
341040,11-1997,06-2011
341040,06-1869,08-1869
341040,01-1870,01-1871
341040,12-1893,01-1902
341040,01-2013,03-2017
341040,12-1908,07-1909
341040,07-1963,07-1970
341040,02-1872,03-1873
341040,01-1806,01-1809
341040,03-1991,10-1991
341040,07-1994,07-1994
341040,01-1875,01-1878
341040,07-1891,06-1892
341040,12-1975,06-1976
341060,02-1943,02-1952
341090,01-2005,12-2024
341090,01-1802,01-1804
341090,01-1925,01-1927
341090,01-1947,02-1947
341090,02-1919,01-1922
341090,05-2004,05-2004
341090,03-1996,11-2003
341090,12-1994,10-1995
341090,11-1923,03-1924
341090,01-1942,01-1943
341120,03-1982,09-1982
341130,02-1986,06-1986
341130,12-1949,01-1950
342030,06-1922,12-2024
342030,01-1903,01-1913
342030,10-1902,11-1902
342040,01-1818,06-1818
342060,09-1827,01-1828
342080,08-1926,05-1927
342080,11-1972,12-1972
342080,12-1924,06-1925
342090,08-1966,08-1966
342090,09-1963,09-1963
342090,05-1975,10-1975
342090,08-1860,09-1860
342090,04-1953,04-1953
342090,02-1973,03-1973
342090,01-2002,12-2024
342090,09-1971,09-1971
342090,08-1962,11-1962
342090,01-1932,01-1932
342090,05-1999,12-2000
342090,10-1974,12-1974
342090,01-1857,02-1857
342090,02-1957,02-1957
342090,09-1977,08-1979
342090,09-1856,09-1856
342090,04-1967,04-1967
342090,02-1966,05-1966
342090,06-1880,08-1880
342090,01-1856,03-1856
342090,01-1987,02-1987
342090,09-1855,09-1855
342090,03-1977,04-1977
342110,08-2000,07-2001
342110,07-1965,03-1989
342110,06-2015,08-2021
342110,10-2001,10-2001
342110,03-2006,10-2010
342110,01-1990,03-2000
342110,05-2002,06-2002
342110,03-2013,04-2014
342110,03-1961,04-1961
342110,07-2004,09-2005
342110,08-2014,02-2015
343020,03-1884,03-1884
343020,01-1904,01-1904
343020,06-2005,10-2005
343030,10-1966,11-1966
343030,01-1802,01-1803
343030,05-1902,12-1902
343030,12-1899,03-1900
343030,01-1805,01-1807
343030,10-1920,04-1921
343030,05-1864,06-1865
343030,01-1838,01-1840
343030,04-1866,08-1866
343030,04-1867,08-1867
343030,02-1868,02-1868
343030,03-1869,06-1869
343030,11-1933,01-1934
343030,12-1859,01-1860
343030,12-1872,03-1873
343030,01-1912,01-1916
343030,01-1937,01-1938
343030,02-1858,07-1859
343030,02-1857,02-1857
343030,02-1939,02-1948
343030,05-1856,09-1856
343030,09-1883,11-1883
343030,03-1884,03-1884
343030,01-1927,01-1928
343030,05-1854,06-1854
343030,01-1887,01-1889
343030,12-1925,01-1927
343030,11-1948,12-1957
343030,03-1890,04-1890
343030,01-1891,07-1898
343030,06-1844,10-1844
343030,11-1903,03-1905
343030,12-1879,03-1880
343050,06-1917,11-1917
343060,12-1879,03-1880
343100,01-2002,01-2002
343100,12-1919,01-1920
343100,01-2017,01-2017
343100,02-2020,02-2020
343100,08-1920,01-1925
343100,03-1970,04-1970
343100,12-1867,02-1868
343100,10-1964,11-1964
343100,01-1890,01-1891
343100,01-2015,04-2015
343100,08-2015,08-2015
343100,03-1931,06-1931
343100,01-2018,03-2018
343100,01-2016,01-2016
343100,01-1995,04-1995
343100,11-1985,02-1986
343100,06-2016,06-2016
343100,12-2013,07-2014
343100,11-2022,05-2023
343100,01-1884,01-1884
343100,07-1844,01-1848
343100,10-1954,10-1954
343100,12-1976,03-1977
343100,05-1939,07-1939
344010,01-1835,01-1835
344020,05-2001,12-2001
344020,11-2008,11-2008
344020,04-2016,04-2016
344020,06-2010,01-2011
344020,05-2002,12-2002
344020,06-2008,08-2008
344020,06-2003,06-2004
344020,03-2015,06-2015
344020,11-2005,05-2006
344020,12-2004,12-2004
344020,08-2011,10-2011
344020,08-1976,08-1976
344020,07-2014,10-2014
344020,09-2012,09-2012
344020,02-2014,04-2014
344020,12-2012,12-2012
344020,05-1971,07-1971
344020,06-2013,06-2013
344020,03-1976,03-1976
344020,10-1977,10-1977
344020,09-2009,12-2009
344020,02-2017,04-2017
344020,05-1997,07-1997
344020,07-2024,07-2024
344020,08-2017,11-2017
344020,04-2018,04-2018
344020,03-2019,03-2019
344020,05-1999,06-2000
344020,12-2020,06-2022
344020,07-2023,07-2023
344040,11-1981,03-1982
344040,04-2021,03-2022
344040,09-2013,09-2013
344040,07-1994,08-1994
344040,12-2006,02-2007
344040,11-1937,08-1938
344040,07-1951,10-1951
344040,01-1962,01-1962
344040,10-2007,02-2008
344040,01-1939,06-1939
344040,11-1987,11-1987
344040,03-2011,06-2011
344040,11-1939,11-1939
344040,05-1975,03-1976
344040,07-2008,07-2008
344040,06-1940,10-1940
344040,12-1943,04-1944
344040,07-2020,12-2020
344040,04-1946,08-1946
344040,05-2015,05-2015
344040,01-2001,12-2001
344040,06-1948,11-1949
344040,01-1948,01-1948
344040,09-2015,05-2016
344040,06-2018,08-2018
344040,03-2004,03-2004
344040,01-1929,01-1929
344040,02-1969,12-1971
344040,06-1966,06-1966
344040,05-1999,09-2000
344040,11-1976,01-1978
344040,11-2004,01-2005
344040,08-1927,11-1927
344040,01-1965,01-1965
344040,08-2006,08-2006
344070,04-1992,04-1992
344070,07-1947,08-1947
344070,11-1950,12-1950
344070,02-1929,03-1929
344070,08-1999,08-1999
344070,11-1867,11-1867
344070,06-1949,06-1949
344070,04-1850,05-1850
344070,05-1995,12-1995
344070,09-1960,12-1960
344070,12-1969,12-1969
344070,09-1957,09-1957
344070,06-1919,06-1919
344070,10-1914,11-1914
344070,02-1954,02-1954
344070,10-1923,12-1923
344070,11-1899,11-1899
344070,10-1968,12-1968
344070,02-1971,02-1971
344070,03-1962,04-1962
344080,10-1954,10-1954
344080,10-1952,12-1952
344090,02-1854,03-1854
344090,01-1858,01-1866
344090,05-1886,01-1887
344090,12-2015,04-2016
344090,01-1905,01-1905
344100,09-2003,12-2003
344100,07-1902,11-1903
344100,04-1853,09-1853
344100,10-1965,04-1985
344100,04-2001,04-2001
344100,10-2015,12-2024
344100,01-1906,01-1906
344100,03-2005,03-2005
344100,12-1996,12-1996
344100,12-1856,01-1857
344100,06-1997,11-1997
344100,09-1948,09-1948
344100,09-1998,09-1998
344100,06-1946,12-1947
344100,11-1858,03-1859
344100,08-2006,10-2006
344100,02-1989,11-1989
344100,06-1993,11-1994
344100,05-1904,06-1904
344100,04-2008,12-2008
344100,01-1919,01-1924
344100,02-1987,02-1987
344100,04-2012,06-2012
344100,11-1999,03-2000
344100,06-1852,07-1852
344120,04-1977,05-1977
344120,03-1983,03-1983
344120,05-2024,05-2024
344120,03-1957,07-1957
344120,07-1951,05-1955
344120,08-1929,10-1929
344120,12-1985,04-1986
344120,12-2009,03-2011
344120,12-1999,12-1999
344120,01-1982,02-1982
344120,11-2007,12-2007
344120,09-2006,09-2006
344120,07-2008,07-2008
344120,04-1944,12-1945
344120,12-1921,05-1926
344120,01-1884,01-1886
344120,12-1984,01-1985
344120,01-1948,07-1950
344120,04-1883,06-1883
344120,02-1935,02-1935
344120,04-1891,04-1891
344120,06-1962,06-1962
344120,01-1918,07-1919
344120,07-2005,11-2005
344120,09-1907,01-1910
344120,02-2007,07-2007
344120,03-1978,05-1978
344120,12-1973,01-1974
345020,02-1983,02-1983
345020,09-1985,04-1986
345020,06-2021,12-2024
345020,02-1998,09-1998
345020,05-1991,09-1992
345020,03-1984,04-1984
345020,11-1995,11-1995
345020,12-1986,12-1986
345020,01-2020,12-2020
345020,07-2018,06-2019
345020,04-1987,04-1987
345020,11-1966,12-1967
345020,02-2012,04-2012
345020,05-2017,03-2018
345020,09-1969,10-1969
345020,01-1854,08-1863
345020,10-2012,10-2012
345020,04-1969,05-1969
345020,09-2014,10-2014
345020,04-1922,06-1922
345020,08-2011,09-2011
345020,06-2015,05-2016
345020,08-1970,08-1970
345030,09-1946,09-1946
345033,10-1922,10-1922
345033,07-1968,12-2010
345040,01-2009,03-2009
345040,05-1977,07-1977
345040,04-2022,04-2022
345040,09-1974,02-1975
345040,10-1992,09-1993
345040,03-1952,12-1957
345040,09-2006,12-2006
345040,03-1991,09-1991
345040,02-1992,03-1992
345040,02-1972,09-1973
345040,12-2023,05-2024
345040,01-1941,01-1946
345040,08-2023,08-2023
345040,03-1994,10-1994
345040,10-1914,05-1915
345040,06-1976,11-1976
345040,06-1987,06-1990
345040,01-2008,01-2008
345040,11-2009,10-2014
345040,05-1963,07-1963
345040,07-1958,07-1961
345040,04-2017,11-2017
345040,01-1948,07-1951
345040,06-2016,08-2016
345040,01-1932,01-1934
345040,03-1981,05-1981
345040,12-1964,03-1965
345040,01-1888,01-1891
345040,12-1898,12-1907
345040,03-2006,03-2006
345040,02-2019,09-2019
345040,09-1910,10-1910
345040,09-1980,09-1980
345040,04-1996,04-1996
345040,05-1969,06-1969
345040,09-1979,01-1980
345040,01-1910,02-1910
345040,09-1978,12-1978
345040,12-1977,06-1978
345040,12-1980,12-1980
345060,02-1928,05-1928
345060,03-1924,04-1924
345060,05-1939,02-1940
345060,09-1917,01-1921
345060,09-1864,09-1864
345060,03-1933,07-1933
345060,03-1963,02-1965
345070,01-2011,01-2011
345070,08-1864,03-1865
345070,07-2022,07-2022
345070,01-2010,03-2010
345070,11-2021,02-2022
345070,06-2021,07-2021
345070,06-2020,08-2020
345070,01-2012,01-2012
345070,05-2013,06-2013
345070,01-1866,05-1866
345070,03-2015,12-2019
345070,10-2014,12-2014
351020,12-1984,03-1985
351020,02-2012,07-2013
351020,09-1985,07-1991
351020,11-2014,12-2024
351030,05-1826,06-1826
351050,02-2007,05-2007
351050,01-2008,04-2008
351050,10-2008,01-2012
351060,08-1926,09-1926
351060,03-1946,04-1946
351060,10-1847,01-1852
351060,03-2022,03-2022
351060,11-2023,11-2023
351060,03-1977,03-1977
351060,10-1925,11-1925
351060,10-1869,11-1869
351060,05-1949,06-1949
351070,11-1897,01-1906
351080,02-1936,08-1936
351080,10-1865,01-1870
351080,03-2000,05-2000
351080,06-2002,06-2002
351080,02-1989,05-1989
351080,11-2005,07-2006
351080,10-1924,01-1927
351080,10-2007,01-2008
351080,10-2008,01-2010
351080,07-1974,07-1983
351080,08-2010,08-2010
351080,05-2012,01-2014
351080,10-1828,03-1834
351080,06-1823,06-1823
351080,07-2004,02-2005
351080,01-1993,06-1993
351080,01-1950,09-1950
351080,01-1990,07-1992
351100,12-1926,12-1926
352010,11-1973,07-1974
352010,11-2004,03-2006
352010,07-1972,09-1972
352010,12-1856,12-1856
352010,04-1898,01-1906
352010,02-1912,03-1912
352010,07-2008,12-2024
352010,11-2002,01-2003
352010,02-1944,03-1944
352010,01-1926,05-1926
352010,01-1976,05-1976
352010,03-2007,10-2007
352020,03-1868,03-1868
352020,04-2002,04-2002
352020,05-1985,06-1985
352020,10-2002,12-2002
352020,11-2001,11-2001
352020,07-1869,08-1869
352020,08-1981,11-1982
352020,04-1990,05-1990
352020,03-1993,03-1993
352020,03-1997,10-1997
352020,08-1998,05-2001
352030,01-1801,05-1802
352050,07-1869,08-1869
352050,01-1870,01-1876
352050,09-1903,12-1904
352050,08-1906,09-1906
352050,10-1856,12-1856
352050,09-1866,09-1866
352050,11-1858,12-1858
352050,01-1877,09-1877
352050,01-1908,01-1914
352050,01-1860,01-1862
352050,08-1868,08-1868
352050,02-1880,07-1880
352050,08-2015,01-2016
352050,08-1878,08-1878
352050,10-2022,07-2023
352050,02-1879,06-1879
352050,01-1803,01-1803
352050,09-1853,09-1853
352050,01-1882,03-1882
352080,01-1886,01-1888
352080,11-2011,09-2012
352080,01-1885,10-1885
352080,04-2011,05-2011
352080,10-1999,07-2009
352080,01-2010,08-2010
352080,03-1916,12-1925
352080,12-2012,03-2016
352080,11-2010,01-2011
352090,07-2017,10-2017
352090,01-2013,05-2013
352090,08-2018,12-2018
352090,03-2019,12-2024
352090,02-2018,02-2018
352090,06-2011,09-2012
352090,08-1934,03-2011
352090,03-2016,11-2016
352090,01-2015,04-2015
353010,05-1968,05-1968
353010,06-1968,07-1968
353010,09-1988,09-1988
353010,12-1973,12-1973
353010,03-1937,04-1937
353010,04-2009,04-2009
353010,04-1991,04-1991
353010,03-1961,09-1961
353010,03-1977,03-1977
353010,02-1825,10-1825
353010,11-1846,11-1846
353010,03-2024,05-2024
353010,09-2017,09-2017
353010,06-2018,06-2018
353010,09-1958,12-1958
353010,05-1819,05-1819
353010,01-1995,04-1995
353010,01-2020,01-2020
353010,07-1814,08-1814
353010,08-1978,08-1978
353010,05-2005,05-2005
353020,05-2015,07-2015
353020,09-1849,09-1849
353020,01-2022,04-2022
353020,08-1800,08-1800
353020,08-1982,09-1982
353020,01-1948,01-1948
353020,03-1963,03-1963
353020,04-1925,03-1926
353020,08-1859,08-1859
353030,06-1813,06-1813
353050,10-2005,10-2005
353050,04-1963,05-1963
353050,11-1979,01-1980
353050,08-1948,02-1949
353050,06-2018,08-2018
353050,08-1953,01-1954
353060,01-1979,03-1979
353060,05-2008,06-2008
353060,06-1959,07-1959
353060,09-1998,10-1998
353060,04-1943,05-1943
353080,09-1991,11-1991
353090,01-1904,12-1906
354006,05-1990,09-1998
354006,03-2015,12-2015
354006,07-2003,07-2003
354006,06-1988,10-1988
354006,11-2016,12-2024
354006,04-2000,10-2000
354020,05-2024,06-2024
354020,09-2013,02-2016
354020,09-2016,03-2017
354020,06-2023,12-2023
354020,05-1867,05-1867
354020,05-1956,10-1956
354020,03-2006,07-2009
354020,06-2019,09-2019
354040,03-1802,08-1802
355040,09-1995,09-1995
355100,05-2005,05-2005
355100,11-1959,01-1968
355100,11-1987,04-1990
355100,12-1984,07-1985
355100,09-1986,09-1986
355100,04-2013,11-2013
355100,04-1858,12-1858
355100,12-2022,02-2023
355100,06-1954,07-1954
355100,01-1854,01-1854
355100,10-1996,10-1996
355100,11-1990,11-1990
355100,04-2006,07-2007
355100,10-1933,12-1933
355100,01-1883,01-1885
355100,01-1898,01-1900
355100,10-2015,04-2017
355100,10-1991,05-1992
355100,10-2002,10-2002
355100,11-1994,07-1995
355100,07-1994,07-1994
355100,07-2000,01-2001
355100,12-1993,02-1994
355100,11-1951,02-1952
355100,01-1993,08-1993
357010,01-1946,01-1947
357010,05-1961,08-1961
357010,01-1986,01-1986
357010,11-1987,11-1987
357010,01-1897,04-1897
357010,08-1964,09-1964
357010,01-1889,01-1890
357010,01-1980,01-1980
357020,11-1822,01-1838
357020,01-1889,01-1890
357020,01-1895,01-1897
357021,10-1905,10-1905
357040,11-2018,05-2019
357040,09-2010,10-2010
357040,02-1991,03-1991
357040,11-1998,11-1998
357040,04-1937,05-1937
357040,09-1938,10-1938
357040,02-2011,06-2011
357040,09-1889,01-1894
357050,06-1932,01-1933
357060,11-1846,01-1853
357060,01-1916,04-1932
357060,01-1933,07-1938
357070,08-1906,12-1906
357070,07-1973,07-1986
357070,08-2003,09-2003
357070,11-1928,01-1929
357070,01-1946,01-1947
357070,11-1864,02-1865
357070,01-2016,10-2022
357070,06-1861,01-1863
357080,02-1845,03-1845
357080,11-1852,01-1853
357080,01-1820,01-1821
357080,02-1861,08-1861
357090,09-2015,02-2017
357090,08-2019,11-2019
357090,06-2020,11-2020
357090,07-2000,10-2000
357090,10-2024,10-2024
357090,12-2012,12-2013
357090,06-2017,12-2018
357090,07-2012,07-2012
357090,07-2021,11-2021
357090,07-1992,07-1993
357090,07-2014,12-2014
357091,10-1980,10-1980
357100,12-1988,01-1990
357100,06-1887,01-1890
357110,12-1971,03-1972
357110,06-1942,11-1942
357110,05-1903,05-1903
357110,01-1895,01-1896
357110,12-1893,12-1894
357110,02-1990,11-1990
357110,10-1955,11-1957
357110,03-1945,04-1945
357110,10-1979,11-1979
357110,04-1984,11-1984
357110,10-1927,12-1927
357110,04-1889,07-1889
357110,04-1998,04-1998
357110,03-1997,10-1997
357110,10-1995,10-1995
357110,01-1907,03-1908
357110,08-1992,09-1992
357110,01-1887,06-1887
357110,12-1932,01-1933
357110,01-1877,06-1877
357110,01-1852,01-1853
357110,01-1875,01-1876
357110,01-2008,06-2009
357110,04-2003,04-2003
357110,05-1994,08-1994
357110,07-1930,08-1930
357110,05-2007,08-2007
357110,03-1932,03-1932
357110,02-1937,11-1937
357120,02-1869,02-1869
357120,02-1998,06-2002
357120,08-2004,12-2007
357120,10-1983,10-1983
357120,10-1908,12-1908
357120,10-1948,02-1949
357120,05-1859,04-1860
357120,04-1906,12-1906
357120,11-1822,11-1822
357120,12-1897,02-1898
357120,10-1922,11-1922
357120,12-1920,12-1920
357120,05-2003,03-2004
357120,01-1915,01-1918
357120,11-1837,11-1837
357120,07-2013,07-2013
357120,06-1980,09-1980
357120,01-1933,01-1933
357120,10-1971,02-1972
357120,10-1956,11-1956
357120,03-1964,04-1964
357120,09-1992,12-1992
357120,11-1875,01-1876
357120,01-1977,01-1977
357120,09-1994,12-1994
357120,08-1909,01-1910
357120,04-1806,05-1806
357120,02-1879,03-1879
357120,01-2009,03-2009
357120,12-1938,02-1939
357120,04-1995,06-1995
357120,02-1963,09-1963
357120,11-2009,04-2012
357120,08-1991,09-1991
357120,12-2014,12-2024
357120,08-1984,11-1985
357120,09-1996,08-1997
357120,05-1907,05-1907
357120,11-1958,12-1959
357120,12-1893,02-1894
357120,03-1877,05-1877
357120,01-1815,01-1818
357120,01-1927,01-1928
357120,12-1935,06-1936
357130,11-1864,11-1864
357140,04-1979,05-1979
357140,07-1955,11-1955
357140,04-1907,02-1908
357150,05-1960,07-1960
357150,12-1921,02-1922
357150,06-2011,04-2012
357150,01-1919,01-1920
358010,11-1834,02-1835
358020,04-2015,05-2015
358020,08-1972,08-1972
358020,01-1929,01-1929
358020,11-1894,01-1895
358020,01-1893,01-1894
358020,02-1961,03-1961
358020,01-1911,01-1912
358020,04-1917,05-1917
358030,01-1906,01-1907
358040,02-1835,03-1835
358041,05-2008,05-2011
358057,08-1991,10-1991
358057,08-1971,09-1971
358057,10-2011,11-2011
358060,12-1959,01-1960
358090,11-1820,11-1820
360050,03-2004,05-2004
360050,07-1995,10-2003
360050,04-2005,02-2013
360060,12-1836,02-1837
360060,04-1812,05-1812
360060,07-1976,03-1977
360060,10-1956,10-1956
360101,01-1880,01-1880
360101,07-1997,07-1997
360120,08-1851,02-1852
360120,04-1902,10-1905
360120,09-1929,12-1932
360150,04-1979,10-1979
360150,12-2020,04-2021
360150,01-1814,01-1814
360150,05-1902,03-1903
360150,10-1971,03-1972
360150,04-1812,06-1812
360160,01-1977,01-1977
360160,12-1988,12-1988
360160,10-1965,10-1965
360160,07-1972,07-1972
360160,12-2001,12-2001
360160,07-2015,07-2015
360160,09-1974,09-1974
360160,03-1990,03-1990
360160,05-1966,08-1966
360160,07-1939,07-1939
360160,10-1953,10-1953
360160,04-2017,04-2017
360160,10-1943,10-1943
371020,03-1830,03-1831
371020,12-2023,12-2024
371022,05-1879,06-1879
371032,08-2022,08-2022
371032,07-2023,08-2023
371032,03-2021,09-2021
372010,11-1963,06-1967
372010,01-1973,06-1973
372020,03-2010,06-2010
372020,12-1821,01-1823
372030,05-1860,05-1860
372030,06-1823,07-1823
372030,10-1918,11-1918
372070,03-1947,04-1948
372070,04-1913,05-1913
372070,02-2000,03-2000
372070,08-1980,08-1980
372070,09-1845,04-1846
372070,05-1970,07-1970
372070,02-1878,04-1878
372070,04-1981,04-1981
372070,01-1991,03-1991
373010,09-1996,11-1996
373010,12-1934,12-1934
373010,05-2011,05-2011
373010,05-1816,06-1816
373010,01-1873,08-1873
373010,03-1934,04-1934
373010,11-1933,12-1933
373010,11-2004,11-2004
373010,11-1891,03-1892
373010,12-1998,12-1998
373010,01-1883,04-1883
373010,05-1983,06-1983
373010,09-1922,10-1922
373012,12-1902,01-1904
373012,08-1887,01-1889
373030,08-2014,02-2015
373030,06-1862,10-1864
373030,12-1902,06-1903
373030,06-1910,10-1910
373050,01-1929,02-1929
373050,05-1968,06-1968
373060,01-1875,10-1875
373060,10-1961,12-1961
373080,12-1975,12-1975
373080,01-1981,02-1981
373080,03-1980,10-1980
373080,04-1977,09-1977
373080,11-1981,11-1981
373080,09-1984,09-1984
373100,12-1867,01-1868
376010,01-1985,01-1985
376010,09-1970,07-1972
377020,04-1999,04-1999
382010,09-1957,10-1958
382030,06-1800,06-1800
382030,05-1902,05-1902
382030,05-1808,06-1808
382050,06-1867,06-1867
382050,11-1998,03-2000
382080,06-1811,06-1811
382080,02-1811,02-1811
383010,09-2021,12-2021
383010,10-1971,11-1971
383010,06-1949,07-1949
383020,10-2011,03-2012
383030,11-1909,11-1909
383060,07-1824,10-1824
384010,04-1995,05-1995
384010,04-1847,05-1847
384010,06-1951,08-1951
384010,06-1857,12-1857
384010,02-1852,03-1852
384010,11-2014,02-2015
385052,11-2001,03-2002
386010,10-1961,03-1962
386011,07-2004,07-2004
390020,03-1908,11-1908
390020,12-1972,12-2024
390020,01-1841,02-1841
390020,04-1911,06-1911
390030,12-1967,12-1967
390030,02-1969,03-1969
390080,04-2016,07-2016
390080,01-1956,01-1956
390080,12-1936,01-1937
390081,10-2001,09-2007
390090,01-1989,03-1990
390090,05-2000,11-2013
390090,01-1999,01-1999
390090,11-2014,10-2024
390090,04-1995,02-1998
390130,03-2016,06-2016
390140,03-1962,03-1962
