timestamp,heart_rate,dive_id,dive_phase
8/27/18 17:10:10,,2,descent
8/27/18 17:10:22,5.24,2,descent
8/27/18 17:10:31,6.55,2,descent
8/27/18 17:10:40,,2,descent
8/27/18 17:10:48,,2,descent
8/27/18 17:10:56,,2,descent
8/27/18 17:11:06,,2,descent
8/27/18 17:11:17,,2,descent
8/27/18 17:11:20,,2,descent
8/27/18 17:11:23,,2,descent
8/27/18 17:11:29,,2,descent
8/27/18 17:11:45,,2,descent
8/27/18 17:11:56,,2,descent
8/27/18 17:11:59,,2,descent
8/27/18 17:12:11,,2,descent
8/27/18 17:13:29,,2,lunge
8/27/18 17:13:43,,2,lunge
8/27/18 17:13:47,15.04,2,lunge
8/27/18 17:13:54,8.76,2,lunge
8/27/18 17:13:57,17.91,2,lunge
8/27/18 17:14:05,8.28,2,lunge
8/27/18 17:14:12,8.26,2,lunge
8/27/18 17:14:19,8.3,2,filter
8/27/18 17:14:27,7.42,2,filter
8/27/18 17:14:36,6.89,2,filter
8/27/18 17:14:45,6.7,2,filter
8/27/18 17:14:54,6.43,2,filter
8/27/18 17:15:11,3.54,2,filter
8/27/18 17:18:23,5.07,2,lunge
8/27/18 17:18:35,5.15,2,lunge
8/27/18 17:18:39,12.5,2,lunge
8/27/18 17:18:47,8.24,2,lunge
8/27/18 17:18:54,,2,lunge
8/27/18 17:18:58,,2,lunge
8/27/18 17:19:02,,2,lunge
8/27/18 17:19:11,,2,lunge
8/27/18 17:19:18,7.98,2,filter
8/27/18 17:19:27,7.24,2,filter
8/27/18 17:19:35,7.0,2,filter
8/27/18 17:19:44,6.86,2,filter
8/27/18 17:19:55,5.31,2,filter
8/27/18 17:20:09,4.57,2,ascent
8/27/18 17:20:19,5.55,2,ascent
8/27/18 17:20:26,8.46,2,ascent
8/27/18 17:20:29,20.91,2,ascent
8/27/18 17:20:33,17.0,2,ascent
8/27/18 17:20:36,19.42,2,ascent
8/27/18 17:20:39,17.6,2,ascent
8/27/18 17:20:42,19.74,2,ascent
8/27/18 17:20:46,15.11,2,ascent
8/27/18 17:20:53,8.89,2,ascent
8/27/18 17:20:56,19.74,2,ascent
8/27/18 17:21:03,9.3,2,ascent
8/27/18 17:21:09,8.98,2,ascent
8/27/18 17:21:12,19.35,2,ascent
8/27/18 17:21:19,8.45,2,ascent
8/27/18 17:21:23,18.58,2,ascent
8/27/18 17:21:29,9.51,2,ascent
8/27/18 17:21:32,17.96,2,ascent
8/27/18 17:21:39,8.61,2,ascent
8/27/18 17:21:42,19.67,2,ascent
8/27/18 17:21:46,17.86,2,ascent
8/27/18 17:21:49,18.93,2,ascent
8/27/18 17:21:52,20.83,2,ascent
8/27/18 17:21:55,20.2,2,ascent
8/27/18 17:21:58,21.35,2,ascent
8/27/18 17:22:00,23.08,2,ascent
8/27/18 17:22:03,24.39,2,ascent
8/27/18 17:22:05,24.0,2,ascent
8/27/18 17:22:07,26.43,2,ascent
8/27/18 17:22:10,26.55,2,ascent
8/27/18 17:22:12,24.1,2,ascent
8/27/18 17:22:14,26.55,2,ascent
8/27/18 17:22:17,26.43,2,ascent
8/27/18 17:22:19,27.27,2,ascent
8/27/18 17:22:21,28.44,2,ascent
8/27/18 17:22:23,29.56,2,ascent
8/27/18 17:22:25,29.7,2,ascent
8/27/18 17:22:27,30.3,2,ascent
8/27/18 17:22:29,,2,ascent
8/27/18 17:22:31,,2,ascent
8/27/18 17:22:33,,2,ascent
8/27/18 17:22:34,32.97,2,ascent
8/27/18 17:22:36,32.26,2,ascent
8/27/18 17:22:38,33.9,2,surface
8/27/18 17:22:40,,2,surface
8/27/18 17:22:44,,2,surface
8/27/18 17:22:44,,2,surface
8/27/18 17:22:54,,2,surface
8/27/18 17:22:56,,2,surface
8/27/18 17:22:57,34.29,2,surface
8/27/18 17:22:59,34.48,2,surface
8/27/18 17:23:01,35.5,2,surface
8/27/18 17:23:03,,2,surface
8/27/18 17:23:10,,2,surface
8/27/18 17:23:11,35.5,2,surface
8/27/18 17:23:13,34.48,2,surface
8/27/18 17:23:15,34.48,2,surface
8/27/18 17:23:16,34.48,2,surface
8/27/18 17:23:18,,2,surface
8/27/18 17:23:22,,2,surface
8/27/18 17:23:23,34.68,2,surface
8/27/18 17:23:25,34.48,2,surface
8/27/18 17:23:27,34.29,2,surface
8/27/18 17:23:29,33.9,2,surface
8/27/18 17:23:30,34.29,2,surface
8/27/18 17:23:33,,2,surface
8/27/18 17:23:36,,2,surface
8/27/18 17:23:38,33.33,2,surface
8/27/18 17:23:39,33.71,2,surface
8/27/18 17:23:41,33.15,2,surface
8/27/18 17:23:43,33.15,2,surface
8/27/18 17:23:45,33.15,2,surface
8/27/18 17:23:48,,2,surface
8/27/18 17:23:50,,2,surface
8/27/18 17:23:52,32.26,2,surface
8/27/18 17:23:54,32.61,2,surface
8/27/18 17:23:56,32.79,2,surface
8/27/18 17:23:58,32.43,2,surface
8/27/18 17:23:58,,2,surface
8/27/18 17:24:00,32.79,2,surface
8/27/18 17:24:02,,2,surface
8/27/18 17:24:09,,2,surface
8/27/18 17:24:11,31.58,2,surface
8/27/18 17:24:13,32.43,2,surface
8/27/18 17:24:15,,2,surface
8/27/18 17:24:16,,2,surface
8/27/18 17:24:16,,2,surface
8/27/18 17:24:22,,2,surface
8/27/18 17:24:24,32.09,2,surface
8/27/18 17:24:26,28.04,2,surface
8/27/18 17:24:28,34.88,2,surface
8/27/18 17:24:30,31.58,2,surface
8/27/18 17:24:32,31.25,2,surface
8/27/18 17:24:34,31.75,2,surface
8/27/18 17:24:36,30.61,2,surface
8/27/18 17:24:38,31.91,2,surface
8/27/18 17:24:40,31.09,2,surface
8/27/18 17:24:40,,2,surface
8/27/18 17:24:46,,2,surface
8/27/18 17:24:47,,2,surface
8/27/18 17:24:49,30.77,2,surface
8/27/18 17:24:51,30.61,2,surface
8/27/18 17:24:53,31.09,2,surface
8/27/18 17:24:55,30.93,2,surface
8/27/18 17:24:57,30.61,2,surface
8/27/18 17:25:00,,2,surface
8/27/18 17:25:02,,2,surface
8/27/18 17:25:05,,2,surface
8/27/18 17:25:07,30.3,2,surface
8/27/18 17:25:09,30.15,2,surface
8/27/18 17:25:11,30.61,2,surface
8/27/18 17:25:13,30.3,2,surface
8/27/18 17:25:15,30.0,2,surface
8/27/18 17:25:17,30.46,2,surface
8/27/18 17:25:19,29.85,2,surface
8/27/18 17:25:20,,2,surface
8/27/18 17:25:25,,2,surface
8/27/18 17:25:28,,3,descent
8/27/18 17:25:37,,3,descent
8/27/18 17:25:46,6.51,3,descent
8/27/18 17:25:55,7.06,3,descent
8/27/18 17:26:03,7.44,3,descent
8/27/18 17:26:11,7.45,3,descent
8/27/18 17:26:19,6.84,3,descent
8/27/18 17:26:29,6.36,3,descent
8/27/18 17:26:40,5.63,3,descent
8/27/18 17:26:53,4.57,3,descent
8/27/18 17:27:06,,3,descent
8/27/18 17:27:12,,3,descent
8/27/18 17:28:23,,3,lunge
8/27/18 17:28:29,,3,lunge
8/27/18 17:28:34,,3,lunge
8/27/18 17:28:37,16.0,3,lunge
8/27/18 17:28:44,8.58,3,lunge
8/27/18 17:28:51,8.63,3,lunge
8/27/18 17:28:59,8.23,3,lunge
8/27/18 17:29:06,7.97,3,lunge
8/27/18 17:29:14,7.49,3,filter
8/27/18 17:29:23,7.04,3,filter
8/27/18 17:29:31,7.07,3,filter
8/27/18 17:29:40,6.87,3,filter
8/27/18 17:29:49,6.62,3,filter
8/27/18 17:30:07,,3,filter
8/27/18 17:30:27,,3,lunge
8/27/18 17:30:34,8.16,3,lunge
8/27/18 17:30:41,8.8,3,lunge
8/27/18 17:30:44,20.07,3,lunge
8/27/18 17:30:50,8.9,3,lunge
8/27/18 17:30:58,8.47,3,filter
8/27/18 17:31:05,7.66,3,filter
8/27/18 17:31:14,7.08,3,filter
8/27/18 17:31:23,6.78,3,filter
8/27/18 17:31:32,6.22,3,filter
8/27/18 17:31:45,4.89,3,filter
8/27/18 17:31:58,4.59,3,lunge
8/27/18 17:32:08,5.58,3,lunge
8/27/18 17:32:16,8.1,3,lunge
8/27/18 17:32:23,8.66,3,lunge
8/27/18 17:32:30,8.78,3,lunge
8/27/18 17:32:37,8.58,3,lunge
8/27/18 17:32:44,8.25,3,filter
8/27/18 17:32:51,7.89,3,filter
8/27/18 17:33:00,7.2,3,filter
8/27/18 17:33:08,6.87,3,filter
8/27/18 17:33:19,5.91,3,filter
8/27/18 17:33:32,,3,filter
8/27/18 17:33:35,,3,lunge
8/27/18 17:33:41,,3,lunge
8/27/18 17:33:44,,3,lunge
8/27/18 17:33:53,6.67,3,lunge
8/27/18 17:33:56,17.75,3,lunge
8/27/18 17:34:03,8.58,3,lunge
8/27/18 17:34:06,19.48,3,lunge
8/27/18 17:34:13,8.89,3,lunge
8/27/18 17:34:16,18.93,3,lunge
8/27/18 17:34:23,8.93,3,lunge
8/27/18 17:34:30,8.0,3,filter
8/27/18 17:34:38,7.48,3,filter
8/27/18 17:34:47,7.26,3,filter
8/27/18 17:34:55,6.88,3,filter
8/27/18 17:35:04,6.7,3,filter
8/27/18 17:35:17,4.67,3,filter
8/27/18 17:35:24,,3,ascent
8/27/18 17:35:29,,3,ascent
8/27/18 17:35:40,,3,ascent
8/27/18 17:35:47,8.5,3,ascent
8/27/18 17:35:50,21.2,3,ascent
8/27/18 17:35:50,,3,ascent
8/27/18 17:35:53,20.07,3,ascent
8/27/18 17:35:56,19.87,3,ascent
8/27/18 17:35:59,19.29,3,ascent
8/27/18 17:36:02,20.62,3,ascent
8/27/18 17:36:05,20.0,3,ascent
8/27/18 17:36:08,19.87,3,ascent
8/27/18 17:36:11,18.18,3,ascent
8/27/18 17:36:18,9.36,3,ascent
8/27/18 17:36:21,21.35,3,ascent
8/27/18 17:36:26,,3,ascent
8/27/18 17:36:28,,3,ascent
8/27/18 17:36:31,20.98,3,ascent
8/27/18 17:36:33,,3,ascent
8/27/18 17:36:38,,3,ascent
8/27/18 17:36:41,19.05,3,ascent
8/27/18 17:36:48,8.77,3,ascent
8/27/18 17:36:54,9.06,3,ascent
8/27/18 17:36:57,21.2,3,ascent
8/27/18 17:37:04,9.06,3,ascent
8/27/18 17:37:06,20.83,3,ascent
8/27/18 17:37:10,18.99,3,ascent
8/27/18 17:37:12,22.22,3,ascent
8/27/18 17:37:15,21.66,3,ascent
8/27/18 17:37:18,23.35,3,ascent
8/27/18 17:37:20,24.29,3,ascent
8/27/18 17:37:23,24.29,3,ascent
8/27/18 17:37:25,23.26,3,ascent
8/27/18 17:37:28,25.1,3,ascent
8/27/18 17:37:30,24.19,3,ascent
8/27/18 17:37:32,25.1,3,ascent
8/27/18 17:37:35,,3,ascent
8/27/18 17:37:36,,3,ascent
8/27/18 17:37:43,,3,ascent
8/27/18 17:37:46,,3,ascent
8/27/18 17:37:48,29.7,3,ascent
8/27/18 17:37:50,30.61,3,ascent
8/27/18 17:37:52,31.58,3,ascent
8/27/18 17:37:53,31.91,3,surface
8/27/18 17:37:55,32.61,3,surface
8/27/18 17:37:57,,3,surface
8/27/18 17:37:58,,3,surface
8/27/18 17:38:03,,3,surface
8/27/18 17:38:04,33.9,3,surface
8/27/18 17:38:06,34.09,3,surface
8/27/18 17:38:08,34.09,3,surface
8/27/18 17:38:10,34.29,3,surface
8/27/18 17:38:11,34.09,3,surface
8/27/18 17:38:11,,3,surface
8/27/18 17:38:17,,3,surface
8/27/18 17:38:20,,3,surface
8/27/18 17:38:24,,3,surface
8/27/18 17:38:25,34.48,3,surface
8/27/18 17:38:27,34.48,3,surface
8/27/18 17:38:29,34.09,3,surface
8/27/18 17:38:31,34.29,3,surface
8/27/18 17:38:32,,3,surface
8/27/18 17:38:34,,3,surface
8/27/18 17:38:36,,3,surface
8/27/18 17:38:38,,3,surface
8/27/18 17:38:40,,3,surface
8/27/18 17:38:41,34.48,3,surface
8/27/18 17:38:43,33.71,3,surface
8/27/18 17:38:45,,3,surface
8/27/18 17:38:49,,3,surface
8/27/18 17:38:50,,3,surface
8/27/18 17:38:52,,3,surface
8/27/18 17:38:54,,3,surface
8/27/18 17:39:00,,3,surface
8/27/18 17:39:10,,3,surface
8/27/18 17:39:13,,3,surface
8/27/18 17:39:15,32.09,3,surface
8/27/18 17:39:17,31.41,3,surface
8/27/18 17:39:19,,3,surface
8/27/18 17:39:19,,3,surface
8/27/18 17:39:20,,3,surface
8/27/18 17:39:22,,3,surface
8/27/18 17:39:24,31.91,3,surface
8/27/18 17:39:26,31.75,3,surface
8/27/18 17:39:28,32.26,3,surface
8/27/18 17:39:30,32.09,3,surface
8/27/18 17:39:32,,3,surface
8/27/18 17:39:34,,3,surface
8/27/18 17:39:35,,3,surface
8/27/18 17:39:36,,3,surface
8/27/18 17:39:38,30.0,3,surface
8/27/18 17:39:40,31.41,3,surface
8/27/18 17:39:41,35.29,3,surface
8/27/18 17:39:44,28.57,3,surface
8/27/18 17:39:45,31.75,3,surface
8/27/18 17:39:47,32.43,3,surface
8/27/18 17:39:49,31.41,3,surface
8/27/18 17:39:51,,3,surface
8/27/18 17:39:55,,3,surface
8/27/18 17:39:57,,3,surface
8/27/18 17:39:59,30.77,3,surface
8/27/18 17:40:01,31.58,3,surface
8/27/18 17:40:03,30.77,3,surface
8/27/18 17:40:05,31.58,3,surface
8/27/18 17:40:06,31.41,3,surface
8/27/18 17:40:08,31.41,3,surface
8/27/18 17:40:10,32.43,3,surface
8/27/18 17:40:12,31.75,3,surface
8/27/18 17:40:14,32.09,3,surface
8/27/18 17:40:16,32.09,3,surface
8/27/18 17:40:18,,3,surface
8/27/18 17:40:19,,3,surface
8/27/18 17:40:21,,3,surface
8/27/18 17:40:21,,3,surface
8/27/18 17:40:23,32.97,3,surface
8/27/18 17:40:25,32.09,3,surface
8/27/18 17:40:27,32.61,3,surface
8/27/18 17:40:29,32.43,3,surface
8/27/18 17:40:31,32.26,3,surface
8/27/18 17:40:33,32.26,3,surface
8/27/18 17:40:34,32.61,3,surface
8/27/18 17:40:36,,3,surface
8/27/18 17:40:38,,3,surface
8/27/18 17:40:46,,4,descent
8/27/18 17:40:48,23.62,4,descent
8/27/18 17:40:56,7.62,4,descent
8/27/18 17:41:05,6.89,4,descent
8/27/18 17:41:12,8.17,4,descent
8/27/18 17:41:20,7.75,4,descent
8/27/18 17:41:30,6.09,4,descent
8/27/18 17:41:40,6.03,4,descent
8/27/18 17:41:51,5.22,4,descent
8/27/18 17:42:05,4.15,4,descent
8/27/18 17:42:26,,4,descent
8/27/18 17:42:31,,4,descent
8/27/18 17:44:03,,4,lunge
8/27/18 17:44:08,,4,lunge
8/27/18 17:44:10,,4,lunge
8/27/18 17:44:18,7.73,4,lunge
8/27/18 17:44:26,7.51,4,lunge
8/27/18 17:44:34,7.5,4,lunge
8/27/18 17:44:42,7.51,4,lunge
8/27/18 17:44:51,7.08,4,lunge
8/27/18 17:44:59,7.28,4,filter
8/27/18 17:45:08,6.67,4,filter
8/27/18 17:45:17,6.26,4,filter
8/27/18 17:45:28,5.81,4,filter
8/27/18 17:45:40,5.04,4,filter
8/27/18 17:45:59,,4,lunge
8/27/18 17:46:10,,4,lunge
8/27/18 17:46:13,,4,lunge
8/27/18 17:46:19,,4,lunge
8/27/18 17:46:27,,4,lunge
8/27/18 17:46:34,7.87,4,lunge
8/27/18 17:46:42,7.74,4,lunge
8/27/18 17:46:50,7.63,4,lunge
8/27/18 17:46:58,7.43,4,filter
8/27/18 17:47:07,6.47,4,filter
8/27/18 17:47:17,6.01,4,filter
8/27/18 17:47:29,5.25,4,ascent
8/27/18 17:47:41,,4,ascent
8/27/18 17:48:00,,4,ascent
8/27/18 17:48:07,,4,ascent
8/27/18 17:48:10,18.52,4,ascent
8/27/18 17:48:18,8.11,4,ascent
8/27/18 17:48:28,5.94,4,ascent
8/27/18 17:48:31,18.13,4,ascent
8/27/18 17:48:37,10.68,4,ascent
8/27/18 17:48:40,20.34,4,ascent
8/27/18 17:48:43,19.74,4,ascent
8/27/18 17:48:47,13.86,4,ascent
8/27/18 17:48:50,22.64,4,ascent
8/27/18 17:48:52,29.27,4,ascent
8/27/18 17:48:55,16.17,4,ascent
8/27/18 17:48:58,21.66,4,ascent
8/27/18 17:49:01,21.43,4,ascent
8/27/18 17:49:04,22.73,4,ascent
8/27/18 17:49:06,22.22,4,ascent
8/27/18 17:49:09,22.39,4,ascent
8/27/18 17:49:12,23.62,4,ascent
8/27/18 17:49:14,24.79,4,ascent
8/27/18 17:49:16,25.32,4,ascent
8/27/18 17:49:19,24.29,4,ascent
8/27/18 17:49:21,25.64,4,ascent
8/27/18 17:49:23,26.55,4,ascent
8/27/18 17:49:26,26.67,4,ascent
8/27/18 17:49:28,27.4,4,ascent
8/27/18 17:49:30,28.04,4,ascent
8/27/18 17:49:32,28.57,4,ascent
8/27/18 17:49:34,29.41,4,ascent
8/27/18 17:49:34,,4,ascent
8/27/18 17:49:36,30.0,4,ascent
8/27/18 17:49:38,30.15,4,ascent
8/27/18 17:49:40,31.25,4,ascent
8/27/18 17:49:42,31.09,4,ascent
8/27/18 17:49:44,32.09,4,ascent
8/27/18 17:49:46,32.26,4,ascent
8/27/18 17:49:48,32.43,4,surface
8/27/18 17:49:49,32.97,4,surface
8/27/18 17:49:51,,4,surface
8/27/18 17:49:54,,4,surface
8/27/18 17:49:55,,4,surface
8/27/18 17:50:00,,4,surface
8/27/18 17:50:02,33.71,4,surface
8/27/18 17:50:04,33.71,4,surface
8/27/18 17:50:06,33.52,4,surface
8/27/18 17:50:07,34.09,4,surface
8/27/18 17:50:09,33.52,4,surface
8/27/18 17:50:11,34.48,4,surface
8/27/18 17:50:13,,4,surface
8/27/18 17:50:14,,4,surface
8/27/18 17:50:18,,4,surface
8/27/18 17:50:20,34.29,4,surface
8/27/18 17:50:21,34.29,4,surface
8/27/18 17:50:23,33.71,4,surface
8/27/18 17:50:25,33.9,4,surface
8/27/18 17:50:27,33.71,4,surface
8/27/18 17:50:29,33.9,4,surface
8/27/18 17:50:30,,4,surface
8/27/18 17:50:35,,4,surface
8/27/18 17:50:38,,4,surface
8/27/18 17:50:43,,4,surface
8/27/18 17:50:45,33.52,4,surface
8/27/18 17:50:46,33.33,4,surface
8/27/18 17:50:48,33.52,4,surface
8/27/18 17:50:50,32.09,4,surface
8/27/18 17:50:52,,4,surface
8/27/18 17:50:54,,4,surface
8/27/18 17:50:56,,4,surface
8/27/18 17:50:57,32.61,4,surface
8/27/18 17:50:59,32.61,4,surface
8/27/18 17:51:01,32.61,4,surface
8/27/18 17:51:03,32.43,4,surface
8/27/18 17:51:05,33.15,4,surface
8/27/18 17:51:07,32.61,4,surface
8/27/18 17:51:08,32.79,4,surface
8/27/18 17:51:10,32.79,4,surface
8/27/18 17:51:12,33.33,4,surface
8/27/18 17:51:14,,4,surface
8/27/18 17:51:16,,4,surface
8/27/18 17:51:19,,4,surface
8/27/18 17:51:21,33.15,4,surface
8/27/18 17:51:23,33.33,4,surface
8/27/18 17:51:25,33.15,4,surface
8/27/18 17:51:27,32.97,4,surface
8/27/18 17:51:28,33.33,4,surface
8/27/18 17:51:30,32.79,4,surface
8/27/18 17:51:32,32.97,4,surface
8/27/18 17:51:34,33.15,4,surface
8/27/18 17:51:36,32.97,4,surface
8/27/18 17:51:37,33.15,4,surface
8/27/18 17:51:39,,4,surface
8/27/18 17:51:41,,4,surface
8/27/18 17:51:43,,4,surface
8/27/18 17:51:45,,4,surface
8/27/18 17:51:47,32.79,4,surface
8/27/18 17:51:48,32.61,4,surface
8/27/18 17:51:50,32.79,4,surface
8/27/18 17:51:52,32.79,4,surface
8/27/18 17:51:54,32.97,4,surface
8/27/18 17:51:56,32.43,4,surface
8/27/18 17:51:58,33.33,4,surface
8/27/18 17:51:59,,4,surface
8/27/18 17:52:03,,4,surface
8/27/18 17:52:06,,4,surface
8/27/18 17:52:09,22.22,5,descent
8/27/18 17:52:11,27.65,5,descent
8/27/18 17:52:16,11.05,5,descent
8/27/18 17:52:22,10.07,5,descent
8/27/18 17:52:29,9.26,5,descent
8/27/18 17:52:36,8.23,5,descent
8/27/18 17:52:44,7.5,5,descent
8/27/18 17:52:53,6.68,5,descent
8/27/18 17:53:03,6.32,5,descent
8/27/18 17:53:12,6.18,5,descent
8/27/18 17:53:24,5.16,5,descent
8/27/18 17:53:38,4.15,5,descent
8/27/18 17:54:09,1.98,5,lunge
8/27/18 17:54:16,7.76,5,lunge
8/27/18 17:54:24,7.44,5,lunge
8/27/18 17:54:33,6.73,5,lunge
8/27/18 17:54:43,6.11,5,filter
8/27/18 17:54:54,5.65,5,filter
8/27/18 17:55:09,,5,filter
8/27/18 17:55:28,,5,lunge
8/27/18 17:55:32,17.96,5,lunge
8/27/18 17:55:35,17.6,5,lunge
8/27/18 17:55:38,18.58,5,lunge
8/27/18 17:55:45,9.45,5,lunge
8/27/18 17:55:52,8.66,5,lunge
8/27/18 17:55:59,8.81,5,lunge
8/27/18 17:56:05,8.63,5,filter
8/27/18 17:56:13,7.86,5,filter
8/27/18 17:56:21,7.38,5,filter
8/27/18 17:56:31,6.15,5,filter
8/27/18 17:56:43,4.99,5,filter
8/27/18 17:56:55,5.08,5,filter
8/27/18 17:57:05,5.99,5,filter
8/27/18 17:57:18,4.46,5,filter
8/27/18 17:58:53,,5,ascent
8/27/18 17:58:59,,5,ascent
8/27/18 17:59:09,,5,ascent
8/27/18 17:59:16,,5,ascent
8/27/18 17:59:26,,5,ascent
8/27/18 17:59:30,,5,ascent
8/27/18 17:59:40,,5,ascent
8/27/18 17:59:48,,5,ascent
8/27/18 17:59:56,,5,ascent
8/27/18 18:00:02,,5,ascent
8/27/18 18:00:08,,5,ascent
8/27/18 18:00:20,,5,ascent
8/27/18 18:00:27,,5,ascent
8/27/18 18:00:34,,5,ascent
8/27/18 18:00:44,,5,ascent
8/27/18 18:00:47,,5,ascent
8/27/18 18:00:57,,5,ascent
8/27/18 18:01:02,,5,ascent
8/27/18 18:01:08,,5,ascent
8/27/18 18:01:18,,5,ascent
8/27/18 18:01:23,,5,ascent
8/27/18 18:01:35,,5,ascent
8/27/18 18:01:41,,5,ascent
8/27/18 18:01:46,,5,ascent
8/27/18 18:01:57,,5,surface
8/27/18 18:01:59,,5,surface
8/27/18 18:02:02,,5,surface
8/27/18 18:02:04,32.97,5,surface
8/27/18 18:02:06,32.97,5,surface
8/27/18 18:02:08,32.43,5,surface
8/27/18 18:02:09,33.33,5,surface
8/27/18 18:02:11,33.15,5,surface
8/27/18 18:02:13,33.33,5,surface
8/27/18 18:02:15,,5,surface
8/27/18 18:02:18,,5,surface
8/27/18 18:02:20,,5,surface
8/27/18 18:02:22,33.33,5,surface
8/27/18 18:02:24,32.97,5,surface
8/27/18 18:02:26,32.43,5,surface
8/27/18 18:02:28,33.15,5,surface
8/27/18 18:02:29,32.43,5,surface
8/27/18 18:02:31,32.97,5,surface
8/27/18 18:02:33,,5,surface
8/27/18 18:02:35,,5,surface
8/27/18 18:02:38,,5,surface
8/27/18 18:02:39,,5,surface
8/27/18 18:02:41,32.09,5,surface
8/27/18 18:02:43,32.43,5,surface
8/27/18 18:02:44,32.09,5,surface
8/27/18 18:02:46,32.43,5,surface
8/27/18 18:02:48,31.25,5,surface
8/27/18 18:02:50,32.26,5,surface
8/27/18 18:02:52,31.91,5,surface
8/27/18 18:02:54,,5,surface
8/27/18 18:02:56,,5,surface
8/27/18 18:03:00,,5,surface
8/27/18 18:03:01,33.9,5,surface
8/27/18 18:03:03,31.09,5,surface
8/27/18 18:03:05,31.75,5,surface
8/27/18 18:03:07,31.75,5,surface
8/27/18 18:03:09,31.75,5,surface
8/27/18 18:03:11,,5,surface
8/27/18 18:03:13,,5,surface
8/27/18 18:03:14,,5,surface
8/27/18 18:03:19,,5,surface
8/27/18 18:03:21,31.58,5,surface
8/27/18 18:03:23,31.41,5,surface
8/27/18 18:03:24,31.41,5,surface
8/27/18 18:03:26,31.75,5,surface
8/27/18 18:03:28,,5,surface
8/27/18 18:03:32,,5,surface
8/27/18 18:03:36,,5,surface
8/27/18 18:03:38,31.09,5,surface
8/27/18 18:03:40,31.25,5,surface
8/27/18 18:03:42,31.25,5,surface
8/27/18 18:03:44,31.41,5,surface
8/27/18 18:03:46,30.61,5,surface
8/27/18 18:03:48,31.09,5,surface
8/27/18 18:03:49,30.46,5,surface
8/27/18 18:03:51,31.09,5,surface
8/27/18 18:03:53,,5,surface
8/27/18 18:03:57,,5,surface
8/27/18 18:03:59,,5,surface
8/27/18 18:04:01,,5,surface
8/27/18 18:04:03,30.93,5,surface
8/27/18 18:04:05,31.58,5,surface
8/27/18 18:04:07,31.25,5,surface
8/27/18 18:04:09,30.61,5,surface
8/27/18 18:04:11,31.09,5,surface
8/27/18 18:04:13,31.25,5,surface
8/27/18 18:04:15,,5,surface
8/27/18 18:04:17,,5,surface
8/27/18 18:04:22,,5,surface
8/27/18 18:11:43,,7,descent
8/27/18 18:11:51,7.25,7,descent
8/27/18 18:12:00,7.18,7,descent
8/27/18 18:12:08,7.06,7,descent
8/27/18 18:12:17,7.06,7,descent
8/27/18 18:12:26,,7,descent
8/27/18 18:12:37,,7,descent
8/27/18 18:12:48,,7,descent
8/27/18 18:13:00,4.92,7,descent
8/27/18 18:13:19,,7,descent
8/27/18 18:13:46,,7,lunge
8/27/18 18:13:54,7.73,7,lunge
8/27/18 18:14:02,7.11,7,lunge
8/27/18 18:14:11,6.71,7,filter
8/27/18 18:14:21,6.35,7,filter
8/27/18 18:14:31,5.89,7,filter
8/27/18 18:14:44,4.62,7,filter
8/27/18 18:15:02,3.31,7,filter
8/27/18 18:15:11,6.86,7,filter
8/27/18 18:15:21,,7,filter
8/27/18 18:15:35,,7,filter
8/27/18 18:15:48,,7,filter
8/27/18 18:20:44,6.22,7,ascent
8/27/18 18:20:55,5.42,7,ascent
8/27/18 18:21:03,7.13,7,ascent
8/27/18 18:21:10,8.57,7,ascent
8/27/18 18:21:18,7.69,7,ascent
8/27/18 18:21:25,8.01,7,ascent
8/27/18 18:21:29,,7,ascent
8/27/18 18:21:35,,7,ascent
8/27/18 18:21:42,,7,ascent
8/27/18 18:21:46,,7,ascent
8/27/18 18:21:48,,7,ascent
8/27/18 18:21:52,,7,ascent
8/27/18 18:21:55,,7,ascent
8/27/18 18:21:58,,7,ascent
8/27/18 18:22:10,,7,ascent
8/27/18 18:22:16,,7,ascent
8/27/18 18:22:20,,7,ascent
8/27/18 18:22:28,,7,ascent
8/27/18 18:22:30,21.9,7,ascent
8/27/18 18:22:33,21.66,7,ascent
8/27/18 18:22:36,22.99,7,ascent
8/27/18 18:22:38,23.9,7,ascent
8/27/18 18:22:41,24.29,7,ascent
8/27/18 18:22:43,25.42,7,ascent
8/27/18 18:22:45,26.32,7,ascent
8/27/18 18:22:48,26.55,7,ascent
8/27/18 18:22:50,27.65,7,ascent
8/27/18 18:22:52,28.3,7,ascent
8/27/18 18:22:54,28.71,7,ascent
8/27/18 18:22:56,30.0,7,ascent
8/27/18 18:22:58,,7,surface
8/27/18 18:23:05,,7,surface
8/27/18 18:23:07,,7,surface
8/27/18 18:23:11,,7,surface
8/27/18 18:23:13,33.52,7,surface
8/27/18 18:23:15,,7,surface
8/27/18 18:23:17,,7,surface
8/27/18 18:23:22,,7,surface
8/27/18 18:23:36,,7,surface
8/27/18 18:23:38,,7,surface
8/27/18 18:23:50,,7,surface
8/27/18 18:23:55,,7,surface
8/27/18 18:23:58,,7,surface
8/27/18 18:24:00,32.09,7,surface
8/27/18 18:24:02,32.26,7,surface
8/27/18 18:24:04,32.09,7,surface
8/27/18 18:24:06,,7,surface
8/27/18 18:24:13,,7,surface
8/27/18 18:24:17,,7,surface
8/27/18 18:24:19,31.58,7,surface
8/27/18 18:24:21,31.41,7,surface
8/27/18 18:24:23,31.41,7,surface
8/27/18 18:24:25,,7,surface
8/27/18 18:24:29,,7,surface
8/27/18 18:24:31,,7,surface
8/27/18 18:24:45,,7,surface
8/27/18 18:24:48,,7,surface
8/27/18 18:24:53,,7,surface
8/27/18 18:24:55,29.85,7,surface
8/27/18 18:24:57,30.15,7,surface
8/27/18 18:24:59,30.77,7,surface
8/27/18 18:25:01,30.3,7,surface
8/27/18 18:25:03,29.13,7,surface
8/27/18 18:25:05,,7,surface
8/27/18 18:25:07,,7,surface
8/27/18 18:25:08,,7,surface
8/27/18 18:25:10,,7,surface
8/27/18 18:25:13,,7,surface
8/27/18 18:42:34,,10,descent
8/27/18 18:42:44,6.04,10,descent
8/27/18 18:42:52,7.0,10,descent
8/27/18 18:43:01,7.09,10,descent
8/27/18 18:43:09,6.94,10,descent
8/27/18 18:43:18,7.11,10,descent
8/27/18 18:43:27,6.82,10,descent
8/27/18 18:43:36,6.08,10,descent
8/27/18 18:43:47,5.82,10,descent
8/27/18 18:43:58,5.1,10,descent
8/27/18 18:44:22,2.58,10,descent
8/27/18 18:44:33,5.53,10,descent
8/27/18 18:50:48,,10,ascent
8/27/18 18:50:52,,10,ascent
8/27/18 18:50:55,,10,ascent
8/27/18 18:50:58,19.11,10,ascent
8/27/18 18:51:01,17.54,10,ascent
8/27/18 18:51:07,,10,ascent
8/27/18 18:51:10,,10,ascent
8/27/18 18:51:17,,10,ascent
8/27/18 18:51:20,,10,ascent
8/27/18 18:51:26,10.22,10,ascent
8/27/18 18:51:33,8.76,10,ascent
8/27/18 18:51:36,18.4,10,ascent
8/27/18 18:51:42,8.92,10,ascent
8/27/18 18:51:50,8.15,10,ascent
8/27/18 18:51:57,8.61,10,ascent
8/27/18 18:52:04,8.51,10,ascent
8/27/18 18:52:11,8.45,10,ascent
8/27/18 18:52:19,7.87,10,ascent
8/27/18 18:52:26,8.02,10,ascent
8/27/18 18:52:29,18.18,10,ascent
8/27/18 18:52:37,8.23,10,ascent
8/27/18 18:52:40,19.11,10,ascent
8/27/18 18:52:46,9.12,10,ascent
8/27/18 18:52:49,22.9,10,ascent
8/27/18 18:52:52,22.06,10,ascent
8/27/18 18:52:55,21.35,10,ascent
8/27/18 18:52:57,22.47,10,ascent
8/27/18 18:53:00,24.0,10,ascent
8/27/18 18:53:02,23.35,10,ascent
8/27/18 18:53:05,21.9,10,ascent
8/27/18 18:53:08,23.72,10,ascent
8/27/18 18:53:10,24.49,10,ascent
8/27/18 18:53:12,24.9,10,ascent
8/27/18 18:53:15,25.0,10,ascent
8/27/18 18:53:17,26.55,10,ascent
8/27/18 18:53:19,27.52,10,ascent
8/27/18 18:53:21,27.65,10,ascent
8/27/18 18:53:24,28.57,10,ascent
8/27/18 18:53:26,29.41,10,ascent
8/27/18 18:53:28,30.46,10,ascent
8/27/18 18:53:29,30.77,10,ascent
8/27/18 18:53:31,31.09,10,ascent
8/27/18 18:53:33,31.58,10,ascent
8/27/18 18:53:35,,10,ascent
8/27/18 18:53:40,,10,surface
8/27/18 18:53:44,,10,surface
8/27/18 18:53:49,,10,surface
8/27/18 18:53:51,35.09,10,surface
8/27/18 18:53:53,34.09,10,surface
8/27/18 18:53:55,35.29,10,surface
8/27/18 18:53:56,33.71,10,surface
8/27/18 18:53:58,35.09,10,surface
8/27/18 18:54:00,34.88,10,surface
8/27/18 18:54:02,,10,surface
8/27/18 18:54:03,,10,surface
8/27/18 18:54:10,,10,surface
8/27/18 18:54:14,,10,surface
8/27/18 18:54:21,,10,surface
8/27/18 18:54:23,34.09,10,surface
8/27/18 18:54:24,34.88,10,surface
8/27/18 18:54:26,33.71,10,surface
8/27/18 18:54:28,34.68,10,surface
8/27/18 18:54:30,,10,surface
8/27/18 18:54:30,,10,surface
8/27/18 18:54:37,,10,surface
8/27/18 18:54:39,33.9,10,surface
8/27/18 18:54:40,33.52,10,surface
8/27/18 18:54:42,33.52,10,surface
8/27/18 18:54:44,33.33,10,surface
8/27/18 18:54:46,32.61,10,surface
8/27/18 18:54:48,,10,surface
8/27/18 18:54:51,,10,surface
8/27/18 18:54:55,,10,surface
8/27/18 18:54:59,,10,surface
8/27/18 18:55:01,32.26,10,surface
8/27/18 18:55:02,32.43,10,surface
8/27/18 18:55:04,32.09,10,surface
8/27/18 18:55:06,32.43,10,surface
8/27/18 18:55:08,32.26,10,surface
8/27/18 18:55:10,32.43,10,surface
8/27/18 18:55:12,32.43,10,surface
8/27/18 18:55:14,,10,surface
8/27/18 18:55:17,,10,surface
8/27/18 18:55:17,,10,surface
8/27/18 18:55:21,,10,surface
8/27/18 18:55:23,31.25,10,surface
8/27/18 18:55:25,31.75,10,surface
8/27/18 18:55:27,31.75,10,surface
8/27/18 18:55:29,31.75,10,surface
8/27/18 18:55:31,31.91,10,surface
8/27/18 18:55:33,32.26,10,surface
8/27/18 18:55:35,31.58,10,surface
8/27/18 18:55:36,,10,surface
8/27/18 18:55:41,,10,surface
8/27/18 18:55:42,,10,surface
8/27/18 18:55:44,30.77,10,surface
8/27/18 18:55:46,31.75,10,surface
8/27/18 18:55:48,31.25,10,surface
8/27/18 18:55:50,31.58,10,surface
8/27/18 18:55:52,32.09,10,surface
8/27/18 18:55:54,31.09,10,surface
8/27/18 18:55:56,30.3,10,surface
8/27/18 18:55:58,,10,surface
8/27/18 18:55:59,,10,surface
8/27/18 18:56:03,,10,surface
8/27/18 18:56:07,,10,surface
8/27/18 18:56:09,30.93,10,surface
8/27/18 18:56:11,30.77,10,surface
8/27/18 18:56:13,31.09,10,surface
8/27/18 18:56:15,31.25,10,surface
8/27/18 18:56:17,31.09,10,surface
8/27/18 18:56:19,30.93,10,surface
8/27/18 18:56:21,31.09,10,surface
8/27/18 18:56:23,30.93,10,surface
8/27/18 18:56:25,30.77,10,surface
8/27/18 18:56:27,31.41,10,surface
8/27/18 18:56:29,31.09,10,surface
8/27/18 18:56:31,31.41,10,surface
8/27/18 18:56:32,,10,surface
8/27/18 18:56:35,,10,surface
8/27/18 18:56:37,,10,surface
8/27/18 18:56:39,34.09,10,surface
8/27/18 18:56:41,30.46,10,surface
8/27/18 18:56:42,30.77,10,surface
8/27/18 18:56:44,30.77,10,surface
8/27/18 18:56:46,30.61,10,surface
8/27/18 18:56:48,30.3,10,surface
8/27/18 18:56:50,30.77,10,surface
8/27/18 18:56:52,30.61,10,surface
8/27/18 18:56:54,30.77,10,surface
8/27/18 18:56:56,31.09,10,surface
8/27/18 18:56:58,31.09,10,surface
8/27/18 18:57:00,30.93,10,surface
8/27/18 18:57:02,31.25,10,surface
8/27/18 18:57:04,,10,surface
8/27/18 18:57:10,,10,surface
8/27/18 18:57:12,,10,surface
8/27/18 18:57:17,,11,descent
8/27/18 18:57:26,6.17,11,descent
8/27/18 18:57:34,7.43,11,descent
8/27/18 18:57:43,7.16,11,descent
8/27/18 18:57:51,7.49,11,descent
8/27/18 18:57:59,7.53,11,descent
8/27/18 18:58:06,7.95,11,descent
8/27/18 18:58:16,6.36,11,descent
8/27/18 18:58:31,4.06,11,descent
8/27/18 18:58:42,5.08,11,descent
8/27/18 19:12:19,4.95,11,ascent
8/27/18 19:12:27,7.43,11,ascent
8/27/18 19:12:37,5.93,11,ascent
8/27/18 19:12:46,7.09,11,ascent
8/27/18 19:12:49,18.02,11,ascent
8/27/18 19:12:55,9.82,11,ascent
8/27/18 19:12:58,20.48,11,ascent
8/27/18 19:13:01,20.76,11,ascent
8/27/18 19:13:04,23.17,11,ascent
8/27/18 19:13:06,23.53,11,ascent
8/27/18 19:13:09,23.35,11,ascent
8/27/18 19:13:11,25.21,11,ascent
8/27/18 19:13:13,25.97,11,ascent
8/27/18 19:13:16,26.55,11,ascent
8/27/18 19:13:18,27.78,11,ascent
8/27/18 19:13:20,27.78,11,ascent
8/27/18 19:13:22,28.85,11,ascent
8/27/18 19:13:24,29.7,11,ascent
8/27/18 19:13:26,30.3,11,ascent
8/27/18 19:13:28,30.77,11,ascent
8/27/18 19:13:30,30.93,11,ascent
8/27/18 19:13:32,32.09,11,ascent
8/27/18 19:13:34,32.97,11,ascent
8/27/18 19:13:35,32.43,11,ascent
8/27/18 19:13:37,33.52,11,ascent
8/27/18 19:13:39,33.15,11,ascent
8/27/18 19:13:41,,11,ascent
8/27/18 19:13:52,,11,surface
8/27/18 19:13:53,,11,surface
8/27/18 19:13:55,,11,surface
8/27/18 19:13:56,35.71,11,surface
8/27/18 19:13:58,35.93,11,surface
8/27/18 19:14:00,36.14,11,surface
8/27/18 19:14:01,35.29,11,surface
8/27/18 19:14:03,35.71,11,surface
8/27/18 19:14:03,,11,surface
8/27/18 19:14:05,36.36,11,surface
8/27/18 19:14:06,36.36,11,surface
8/27/18 19:14:08,,11,surface
8/27/18 19:14:14,,11,surface
8/27/18 19:14:16,,11,surface
8/27/18 19:14:18,35.71,11,surface
8/27/18 19:14:20,36.36,11,surface
8/27/18 19:14:21,36.36,11,surface
8/27/18 19:14:23,36.14,11,surface
8/27/18 19:14:24,,11,surface
8/27/18 19:14:26,,11,surface
8/27/18 19:14:30,,11,surface
8/27/18 19:14:31,37.74,11,surface
8/27/18 19:14:33,36.36,11,surface
8/27/18 19:14:34,36.14,11,surface
8/27/18 19:14:36,36.14,11,surface
8/27/18 19:14:38,35.93,11,surface
8/27/18 19:14:39,36.59,11,surface
8/27/18 19:14:41,,11,surface
8/27/18 19:14:42,,11,surface
8/27/18 19:14:46,,11,surface
8/27/18 19:14:48,36.14,11,surface
8/27/18 19:14:49,36.14,11,surface
8/27/18 19:14:51,35.71,11,surface
8/27/18 19:14:53,35.71,11,surface
8/27/18 19:14:54,,11,surface
8/27/18 19:14:55,,11,surface
8/27/18 19:14:58,,11,surface
8/27/18 19:15:00,37.04,11,surface
8/27/18 19:15:01,35.71,11,surface
8/27/18 19:15:03,35.09,11,surface
8/27/18 19:15:05,35.29,11,surface
8/27/18 19:15:06,34.88,11,surface
8/27/18 19:15:08,34.68,11,surface
8/27/18 19:15:10,,11,surface
8/27/18 19:15:12,,11,surface
8/27/18 19:15:15,,11,surface
8/27/18 19:15:17,35.5,11,surface
8/27/18 19:15:19,34.68,11,surface
8/27/18 19:15:20,34.68,11,surface
8/27/18 19:15:22,38.22,11,surface
8/27/18 19:15:24,31.75,11,surface
8/27/18 19:15:26,,11,surface
8/27/18 19:15:27,,11,surface
8/27/18 19:15:33,,11,surface
8/27/18 19:15:34,34.29,11,surface
8/27/18 19:15:36,33.9,11,surface
8/27/18 19:15:38,34.48,11,surface
8/27/18 19:15:40,,11,surface
8/27/18 19:15:44,,11,surface
8/27/18 19:15:47,,11,surface
8/27/18 19:15:49,32.97,11,surface
8/27/18 19:15:51,33.52,11,surface
8/27/18 19:15:52,33.71,11,surface
8/27/18 19:15:54,33.15,11,surface
8/27/18 19:15:56,,11,surface
8/27/18 19:15:57,,11,surface
8/27/18 19:16:02,,11,surface
8/27/18 19:16:04,29.13,11,surface
8/27/18 19:16:07,20.48,11,surface
8/27/18 19:17:17,,13,descent
8/27/18 19:17:26,6.99,13,descent
8/27/18 19:17:33,8.62,13,descent
8/27/18 19:17:41,7.43,13,descent
8/27/18 19:17:52,5.3,13,descent
8/27/18 19:18:04,5.08,13,descent
8/27/18 19:25:34,,13,ascent
8/27/18 19:25:44,6.51,13,ascent
8/27/18 19:25:51,8.12,13,ascent
8/27/18 19:25:58,8.51,13,ascent
8/27/18 19:26:01,18.75,13,ascent
8/27/18 19:26:08,8.67,13,ascent
8/27/18 19:26:16,8.08,13,ascent
8/27/18 19:26:23,7.71,13,ascent
8/27/18 19:26:31,7.59,13,ascent
8/27/18 19:26:39,8.08,13,ascent
8/27/18 19:26:46,8.58,13,ascent
8/27/18 19:26:49,18.87,13,ascent
8/27/18 19:26:56,8.5,13,ascent
8/27/18 19:26:59,18.18,13,ascent
8/27/18 19:27:05,10.02,13,ascent
8/27/18 19:27:08,,13,ascent
8/27/18 19:27:14,,13,ascent
8/27/18 19:27:17,20.55,13,ascent
8/27/18 19:27:23,9.57,13,ascent
8/27/18 19:27:26,23.17,13,ascent
8/27/18 19:27:29,20.98,13,ascent
8/27/18 19:27:31,21.35,13,ascent
8/27/18 19:27:34,21.82,13,ascent
8/27/18 19:27:37,21.74,13,ascent
8/27/18 19:27:40,21.74,13,ascent
8/27/18 19:27:43,21.28,13,ascent
8/27/18 19:27:45,21.43,13,ascent
8/27/18 19:27:48,23.81,13,ascent
8/27/18 19:27:51,20.69,13,ascent
8/27/18 19:27:53,22.9,13,ascent
8/27/18 19:27:56,22.64,13,ascent
8/27/18 19:27:58,24.69,13,ascent
8/27/18 19:28:01,25.53,13,ascent
8/27/18 19:28:03,26.2,13,ascent
8/27/18 19:28:05,26.67,13,ascent
8/27/18 19:28:08,27.52,13,ascent
8/27/18 19:28:10,28.85,13,ascent
8/27/18 19:28:12,29.41,13,ascent
8/27/18 19:28:14,30.0,13,surface
8/27/18 19:28:16,30.93,13,surface
8/27/18 19:28:18,31.09,13,surface
8/27/18 19:28:19,,13,surface
8/27/18 19:28:21,,13,surface
8/27/18 19:28:25,,13,surface
8/27/18 19:28:27,32.61,13,surface
8/27/18 19:28:29,32.79,13,surface
8/27/18 19:28:32,16.67,13,surface
8/27/18 19:28:34,32.97,13,surface
8/27/18 19:28:36,33.15,13,surface
8/27/18 19:28:38,33.71,13,surface
8/27/18 19:28:40,,13,surface
8/27/18 19:28:41,,13,surface
8/27/18 19:28:43,,13,surface
8/27/18 19:28:45,34.88,13,surface
8/27/18 19:28:47,33.52,13,surface
8/27/18 19:28:48,33.9,13,surface
8/27/18 19:28:50,33.9,13,surface
8/27/18 19:28:52,33.33,13,surface
8/27/18 19:28:54,32.79,13,surface
8/27/18 19:28:56,,13,surface
8/27/18 19:28:59,,13,surface
8/27/18 19:29:03,,13,surface
8/27/18 19:29:05,33.71,13,surface
8/27/18 19:29:07,33.33,13,surface
8/27/18 19:29:08,32.61,13,surface
8/27/18 19:29:10,32.79,13,surface
8/27/18 19:29:12,33.15,13,surface
8/27/18 19:29:14,,13,surface
8/27/18 19:29:17,,13,surface
8/27/18 19:29:18,,13,surface
8/27/18 19:29:20,,13,surface
8/27/18 19:29:21,32.79,13,surface
8/27/18 19:29:23,32.97,13,surface
8/27/18 19:29:23,,13,surface
8/27/18 19:29:25,32.61,13,surface
8/27/18 19:29:27,,13,surface
8/27/18 19:29:30,,13,surface
8/27/18 19:29:33,,13,surface
8/27/18 19:29:35,31.91,13,surface
8/27/18 19:29:36,31.75,13,surface
8/27/18 19:29:38,31.91,13,surface
8/27/18 19:29:40,32.09,13,surface
8/27/18 19:29:42,32.09,13,surface
8/27/18 19:29:44,,13,surface
8/27/18 19:29:45,,13,surface
8/27/18 19:29:50,,13,surface
8/27/18 19:29:52,31.91,13,surface
8/27/18 19:29:53,31.91,13,surface
8/27/18 19:29:55,31.41,13,surface
8/27/18 19:29:57,30.77,13,surface
8/27/18 19:29:59,30.46,13,surface
8/27/18 19:30:01,31.25,13,surface
8/27/18 19:30:03,30.93,13,surface
8/27/18 19:30:05,,13,surface
8/27/18 19:30:08,,13,surface
8/27/18 19:30:11,,13,surface
8/27/18 19:30:13,30.93,13,surface
8/27/18 19:30:15,31.25,13,surface
8/27/18 19:30:17,30.77,13,surface
8/27/18 19:30:19,30.61,13,surface
8/27/18 19:30:21,30.3,13,surface
8/27/18 19:30:23,30.3,13,surface
8/27/18 19:30:25,30.61,13,surface
8/27/18 19:30:27,31.25,13,surface
8/27/18 19:30:29,30.93,13,surface
8/27/18 19:30:31,,13,surface
8/27/18 19:30:31,,13,surface
8/27/18 19:30:36,,13,surface
8/27/18 19:30:40,,13,surface
8/27/18 19:30:42,31.25,13,surface
8/27/18 19:30:44,31.75,13,surface
8/27/18 19:30:46,31.25,13,surface
8/27/18 19:30:48,31.41,13,surface
8/27/18 19:30:50,31.25,13,surface
8/27/18 19:30:52,31.75,13,surface
8/27/18 19:30:54,31.58,13,surface
8/27/18 19:30:55,31.41,13,surface
8/27/18 19:30:57,,13,surface
8/27/18 19:30:59,,13,surface
8/27/18 19:31:05,,13,surface
8/27/18 19:31:05,,13,surface
